,indicativo,nombre_indicativo,start_date,end_date,latitud_dd,longitud_dd,cluster
0,0002I,VANDELLÒS  ,2016-01-01,2021-07-06,40.95805555555556,0.8713888888888889,0
1,0009X,ALFORJA,2016-01-01,2024-12-31,41.21388888888889,0.9633333333333332,2
2,0016A,REUS AEROPUERTO,2016-01-01,2024-12-31,41.145,1.163611111111111,0
3,0016B,REUS (CENTRE LECTURA),2016-01-01,2024-12-31,41.15416666666667,1.108888888888889,0
4,0034X,VALLS,2016-01-01,2024-12-31,41.293055555555554,1.2608333333333333,0
5,0042Y,TARRAGONA ,2016-01-01,2024-12-31,41.12388888888889,1.2491666666666668,0
6,0061X,PONTONS,2016-01-01,2024-12-31,41.41694444444444,1.5191666666666666,0
7,0066X,VILAFRANCA DEL PENEDÈS,2016-01-01,2024-12-31,41.33027777777778,1.6769444444444443,0
8,0073X,SITGES,2016-01-01,2024-12-31,41.24388888888889,1.8525,4
9,0076,BARCELONA AEROPUERTO,2016-01-01,2025-06-11,41.29277777777778,2.0700000000000003,0
10,0092X,BERGA,2016-01-01,2024-12-31,42.10138888888889,1.8575,0
11,0106X,BALSARENY,2016-01-01,2025-06-11,41.86638888888889,1.8725,0
12,0114X,PRATS DE LLUÇANÈS,2016-01-01,2025-06-11,42.00694444444444,2.0266666666666664,0
13,0120X,MOIÀ,2016-01-01,2025-06-11,41.81333333333333,2.095277777777778,0
14,0149D,MANRESA (LA CULLA),2016-01-01,2025-04-30,41.72,1.840277777777778,0
15,0149X,MANRESA,2016-01-01,2025-06-11,41.72,1.840277777777778,0
16,0158O,MONTSERRAT,2016-01-01,2025-05-31,41.59444444444445,1.8391666666666668,0
17,0158X,MONISTROL DE MONTSERRAT,2016-01-01,2025-06-11,41.59444444444445,1.8391666666666668,2
18,0171X,IGUALADA,2016-09-29,2025-06-11,41.57888888888889,1.6177777777777778,0
19,0194D,"CORBERA, PUIG D'AGULLES",2016-01-01,2025-06-11,41.40805555555556,1.885,0
20,0200E,"BARCELONA, FABRA",2016-01-01,2025-06-11,41.41833333333333,2.1241666666666665,2
21,0201D,"BARCELONA, PORT OLÍMPIC",2016-01-01,2025-06-11,41.39055555555556,2.2,4
22,0201X,"BARCELONA, DRASSANES",2016-01-01,2025-06-11,41.375,2.1738888888888885,4
23,0222X,CALDES DE MONTBUI,2016-01-01,2022-12-31,41.61277777777778,2.168333333333333,0
24,0229I,SABADELL AEROPUERTO,2016-01-01,2016-04-20,41.52361111111111,2.103055555555556,2
25,0244X,VILASSAR DE DALT,2016-01-01,2022-12-31,41.505,2.3625000000000003,0
26,0252D,ARENYS DE MAR,2016-01-01,2022-12-31,41.58722222222222,2.54,0
27,0255B,SANTA SUSANNA,2016-01-01,2022-01-11,41.65083333333333,2.6969444444444446,4
28,0260X,FOGARS DE MONTCLÚS,2016-01-01,2022-12-31,41.76,2.431111111111111,2
29,0281Y,BLANES,2016-01-01,2022-12-31,41.676944444444445,2.805,4
30,0284X,CASTELL D'ARO,2016-01-01,2024-12-31,41.80777777777777,3.0308333333333333,4
31,0294B,LA BISBAL (D'EMPORDA 3),2016-01-01,2022-12-31,41.967777777777776,3.042222222222222,2
32,0312X,SANT PAU DE SEGÚRIES,2016-01-01,2024-12-31,42.25833333333333,2.364444444444445,2
33,0320I,PLANOLES,2016-01-01,2024-12-31,42.316944444444445,2.102777777777778,2
34,0321,CAMPDEVANOL,2016-01-01,2024-12-31,42.22277777777778,2.167222222222222,2
35,0324A,RIPOLL,2016-01-01,2024-12-31,42.19138888888889,2.196111111111111,0
36,0341,TONA (ESCOLA),2016-01-01,2024-12-31,41.84666666666667,2.2266666666666666,0
37,0341X,TONA,2016-01-01,2024-12-08,41.846944444444446,2.2225,0
38,0349,SANT JULIÀ  DE VILATORTA,2016-01-01,2024-12-31,41.92611111111111,2.3175,0
39,0360X,LES PLANES D'HOSTOLES,2016-01-01,2024-12-31,42.05277777777778,2.551111111111111,2
40,0363X,SANT HILARI,2016-07-06,2024-12-31,41.880833333333335,2.513333333333333,2
41,0367,GIRONA AEROPUERTO,2016-01-01,2024-12-31,41.91166666666666,2.763333333333333,2
42,0370E,GIRONA,2016-01-01,2024-12-31,41.97222222222222,2.819444444444444,2
43,0372C,PORQUERES,2016-01-01,2024-12-31,42.10444444444445,2.763611111111111,2
44,0385X,L'ESTARTIT,2016-01-01,2024-12-31,42.053888888888885,3.2013888888888893,4
45,0394X,LA VALL DE BIANYA,2016-01-01,2024-12-31,42.21055555555556,2.4719444444444445,2
46,0411X,CASTELLÓ D'EMPÚRIES,2016-01-01,2024-12-31,42.22472222222223,3.093055555555556,4
47,0413A,MAÇANET DE CABRENYS,2016-01-01,2024-12-31,42.386944444444445,2.7555555555555555,2
48,0421E,ESPOLLA 'LES ALBERES',2016-01-01,2024-12-27,42.39,3.006111111111111,2
49,0421X,ESPOLLA,2016-01-01,2024-12-31,42.39,3.006111111111111,0
50,0429X,FIGUERES,2016-01-01,2024-12-31,42.259166666666665,2.960277777777778,0
51,0433D,CABO DE CREUS,2016-01-22,2024-12-31,42.31916666666667,3.315555555555556,4
52,1002Y,"BAZTAN, IRURITA",2016-01-01,2024-12-31,43.13583333333333,-1.5430555555555554,5
53,1010X,BERA,2016-01-01,2024-12-31,43.27861111111111,-1.6758333333333333,5
54,1012P,IRUN,2016-01-01,2024-12-31,43.32638888888889,-1.7966666666666666,5
55,1014,"HONDARRIBIA, MALKARROA",2016-01-01,2024-12-31,43.35694444444445,-1.7922222222222222,5
56,1014A,DONOSTIA / SAN SEBASTIÁN AEROPUERTO,2016-01-01,2024-12-31,43.35694444444445,-1.7922222222222222,5
57,1021X,"ERRENTERIA, AÑARBE",2016-01-01,2024-12-31,43.21388888888889,-1.8788888888888888,5
58,1021Y,ARTICUTZA (AUTOMATICA),2016-05-11,2024-12-31,43.21222222222222,-1.7977777777777777,5
59,1024E,"DONOSTIA / SAN SEBASTIÁN, IGELDO",2016-01-01,2024-12-31,43.30638888888888,-2.041111111111111,5
60,1025A,SEGURA,2017-01-01,2024-12-31,43.01555555555556,-2.256666666666667,5
61,1025X,"BEASAIN, ARRIARAN",2016-01-01,2024-12-31,43.05472222222222,-2.2319444444444447,5
62,1026X,ORDIZIA,2016-01-01,2025-06-11,43.05805555555556,-2.1841666666666666,5
63,1033X,ARESO,2016-01-01,2024-12-31,43.085,-1.9508333333333328,5
64,1037X,LEGAZPI,2016-01-01,2025-06-11,43.05166666666666,-2.3372222222222225,5
65,1037Y,ZUMARRAGA,2016-01-01,2025-06-11,43.080000000000005,-2.3175,5
66,1038X,AZPEITIA,2016-01-01,2025-06-11,43.1725,-2.2672222222222222,5
67,1041A,ZUMAIA,2016-01-01,2025-06-11,43.30222222222222,-2.251111111111112,5
68,1044X,"ARAMAIO, ETXAGUEN",2016-01-01,2025-06-11,43.05777777777777,-2.5897222222222225,5
69,1048X,ARETXABALETA,2016-01-01,2025-06-11,43.025,-2.4658333333333333,5
70,1049N,ELGETA,2017-01-01,2025-06-11,43.138333333333335,-2.4958333333333336,5
71,1050J,ELGOIBAR,2016-01-01,2025-06-11,43.20916666666667,-2.413333333333333,5
72,1052A,MUTRIKU,2017-01-01,2025-06-11,43.31722222222223,-2.397222222222222,5
73,1055B,LEKEITIO,2016-07-02,2018-12-31,43.37694444444445,-2.5102777777777776,4
74,1056K,FORUA,2016-01-01,2025-06-11,43.3425,-2.6711111111111108,5
75,1057B,MATXITXAKO,2016-01-01,2025-06-11,43.45388888888889,-2.7527777777777778,5
76,1059X,PUNTA GALEA,2016-01-01,2024-12-31,43.375,-3.0216666666666665,5
77,1060X,AMURRIO,2016-01-01,2024-12-31,43.05027777777777,-3.0055555555555555,5
78,1064L,"OROZKO, IBARRA",2016-01-01,2024-12-31,43.09638888888889,-2.8602777777777777,5
79,1069Y,"ABADIÑO, URKIOLA",2016-01-01,2024-12-31,43.09916666666667,-2.6441666666666666,5
80,1074C,AMOREBIETA-ETXANO,2016-01-01,2024-12-31,43.20277777777778,-2.706111111111112,5
81,1078C,BALMASEDA,2016-01-01,2024-12-31,43.18055555555555,-3.2097222222222226,5
82,1078I,GÜEÑES,2016-01-01,2024-12-31,43.20333333333333,-3.104722222222222,5
83,1082,BILBAO AEROPUERTO,2016-01-01,2024-12-31,43.29805555555556,-2.906388888888889,5
84,1083B,SOPUERTA,2016-01-01,2024-12-31,43.27972222222222,-3.168611111111111,5
85,1083L,CASTRO URDIALES,2016-01-01,2024-12-31,43.39472222222222,-3.233888888888889,5
86,1089U,RAMALES DE LA VICTORIA,2016-01-01,2024-12-31,43.255833333333335,-3.4708333333333337,5
87,1096X,"BARCENA DE CICERO, TRETO",2016-01-01,2024-12-31,43.39666666666667,-3.4697222222222224,5
88,1103X,SAN ROQUE DE RIOMIERA,2023-01-01,2024-12-31,43.2275,-3.721111111111111,5
89,1109,SANTANDER AEROPUERTO,2016-01-01,2024-12-31,43.42388888888889,-3.8255555555555554,5
90,1109X,SANTANDER AEROPUERTO,2016-01-01,2024-12-31,43.42861111111111,-3.8313888888888887,5
91,1111,SANTANDER,2016-01-01,2024-05-15,43.49111111111111,-3.800555555555556,5
92,1111X,SANTANDER,2016-01-01,2024-12-31,43.49111111111111,-3.800555555555556,5
93,1124E,VILLACARRIEDO,2016-01-01,2024-12-31,43.24555555555556,-3.849444444444445,5
94,1135C,"LOS TOJOS, BÁRCENA MAYOR",2016-01-01,2024-12-31,43.14694444444444,-4.214166666666667,5
95,1152C,SAN FELICES DE BUELNA,2016-01-01,2024-12-31,43.27194444444444,-4.048611111111111,5
96,1154H,"TORRELAVEGA, SIERRAPANDO",2016-01-01,2024-12-31,43.35861111111111,-4.0275,5
97,1159,SAN VICENTE DE LA BARQUERA,2016-01-01,2024-12-31,43.39333333333333,-4.392222222222222,5
98,1167B,"CAMALEÑO, FUENTE DE",2016-01-01,2024-12-31,43.14388888888889,-4.812777777777778,1
99,1167G,"MIRADOR DEL CABLE, PARQUE NACIONAL PICOS DE EUROPA",2020-08-13,2024-12-31,43.155,-4.803055555555555,1
100,1167J,"CORISCAO, PARQUE NACIONAL PICOS DE EUROPA",2020-09-01,2024-12-31,43.08916666666667,-4.773888888888889,1
101,1174I,"CILLÓRIGO DE LIÉBANA, TAMA",2016-01-01,2024-12-31,43.18277777777777,-4.601666666666667,4
102,1176A,TRESVISO,2016-01-01,2024-12-31,43.255833333333335,-4.668333333333334,5
103,1178R,"SOTRES, PARQUE NACIONAL PICOS DE EUROPA",2019-06-01,2024-12-31,43.2375,-4.736666666666666,5
104,1178Y,"POSADA DE VALDEÓN, SOTO ",2016-01-01,2023-12-31,43.14527777777778,-4.931666666666667,5
105,1179B,CABRALES,2016-01-09,2024-12-31,43.31111111111111,-4.852777777777778,5
106,1183X,LLANES,2016-01-01,2024-12-31,43.42027777777778,-4.748055555555555,5
107,1186P,"AMIEVA, PANIZALES",2016-01-01,2023-12-31,43.266666666666666,-5.119166666666667,5
108,1199X,"PILOÑA, BARGAÉU",2016-01-01,2025-06-11,43.37777777777778,-5.396666666666667,5
109,1203D,COLUNGA,2016-01-01,2023-12-31,43.49222222222223,-5.247222222222223,5
110,1207U,"GIJÓN, CAMPUS",2016-01-01,2023-12-31,43.52305555555555,-5.621111111111111,5
111,1208H,"GIJÓN, PUERTO",2016-01-01,2024-12-31,43.55972222222222,-5.700833333333334,5
112,1210X,CABO PEÑAS,2016-01-01,2023-12-31,43.65583333333333,-5.848611111111111,5
113,1212E,ASTURIAS AEROPUERTO,2016-01-01,2025-06-11,43.566944444444445,-6.0441666666666665,5
114,1221D,PAJARES-VALGRANDE,2016-01-01,2025-06-11,42.97861111111112,-5.776388888888889,1
115,1223P,"LENA, RONZÓN",2016-01-01,2024-12-31,43.132777777777775,-5.822777777777778,5
116,1226X,"ALLER, FELECHOSA",2016-01-01,2025-06-11,43.09527777777778,-5.476944444444444,5
117,1234P,"MIERES, BAIÑA",2016-01-01,2025-06-11,43.275,-5.819166666666667,5
118,1249I,OVIEDO,2016-01-01,2022-12-31,43.35333333333333,-5.874166666666667,5
119,1249X,OVIEDO,2016-01-01,2024-12-31,43.35333333333333,-5.87388888888889,5
120,1272B,"TINEO, SOUTU",2016-01-01,2024-12-31,43.290277777777774,-6.386666666666667,5
121,1276F,POLA DE SOMIEDO,2016-01-01,2025-06-11,43.1,-6.256944444444445,5
122,1279X,"SALAS, CAMUÑO",2016-01-01,2025-06-11,43.425,-6.230833333333334,5
123,1283U,CABO BUSTO,2016-01-01,2025-06-11,43.56916666666667,-6.47,5
124,1297E,CERVANTES,2016-01-01,2025-06-11,42.76861111111111,-7.0175,1
125,1302F,DEGAÑA,2016-01-01,2025-06-11,42.95527777777778,-6.4725,1
126,1309C,"IBIAS, SAN ANTOLIN",2016-01-01,2025-06-11,43.0275,-6.885,5
127,1327A,"VILLAYÓN, ONETA",2016-01-01,2025-06-11,43.46555555555556,-6.673333333333334,5
128,1331A,CASTROPOL,2016-01-01,2025-06-11,43.52472222222222,-7.0313888888888885,5
129,1341B,"TARAMUNDI, OURIA",2016-01-01,2025-06-10,43.41555555555556,-7.061111111111111,5
130,1342X,RIBADEO,2016-01-01,2025-06-11,43.54055555555556,-7.083055555555555,5
131,1344X,MONDOÑEDO,2016-01-01,2025-06-11,43.43138888888889,-7.361666666666666,5
132,1347T,BURELA,2016-01-01,2024-12-31,43.65111111111111,-7.357222222222222,5
133,1351,ESTACA DE BARES,2016-01-01,2025-06-11,43.78611111111111,-7.685,5
134,1354C,FERROL,2016-01-01,2024-07-01,43.47638888888889,-8.262222222222222,5
135,1363X,AS PONTES,2016-01-01,2025-06-11,43.44583333333333,-7.861388888888888,5
136,1387,A CORUÑA,2016-01-01,2024-12-31,43.365833333333335,-8.421388888888888,5
137,1387D,A CORUÑA BENS,2016-01-01,2024-12-31,43.36333333333334,-8.441944444444445,5
138,1387E,A CORUÑA AEROPUERTO,2016-01-01,2024-12-31,43.30694444444444,-8.371944444444445,5
139,1390X,"CARBALLO, DEPURADORA",2016-01-01,2024-12-31,43.20361111111112,-8.71111111111111,5
140,1393,CABO VILÁN,2016-01-01,2024-12-31,43.160555555555554,-9.210833333333332,5
141,1399,VIMIANZO,2016-01-01,2024-12-31,43.0575,-9.046944444444444,5
142,1400,FISTERRA,2016-01-01,2024-12-31,42.92472222222222,-9.29138888888889,5
143,1406X,MAZARICOS,2016-01-01,2024-12-31,42.93527777777778,-8.993611111111111,5
144,1410X,SOBRADO,2016-01-01,2024-12-31,43.03777777777778,-8.022222222222224,5
145,1428,SANTIAGO DE COMPOSTELA AEROPUERTO,2016-01-01,2024-12-31,42.88805555555555,-8.410555555555556,5
146,1435C,NOIA,2016-01-01,2024-12-31,42.80027777777777,-8.876111111111111,5
147,1437O,MONTE IROITE,2016-01-01,2017-10-02,42.72055555555556,-8.923333333333332,5
148,1442U,BOIRO,2016-01-01,2024-12-31,42.64388888888889,-8.892222222222221,5
149,1446X,MONTERROSO,2016-01-01,2024-12-31,42.80972222222222,-7.768333333333333,5
150,1455I,RODEIRO-VILAMAIOR,2016-01-01,2024-12-31,42.71111111111112,-7.953888888888889,5
151,1465U,LALIN-CRISTIMIL,2016-01-01,2024-12-31,42.66555555555556,-8.1925,5
152,1466A,SILLEDA,2016-01-01,2024-12-31,42.700833333333335,-8.257777777777777,5
153,1468X,A ESTRADA,2016-01-01,2024-12-31,42.69361111111111,-8.501944444444444,5
154,1473A,PADRÓN,2016-01-01,2024-12-31,42.73833333333334,-8.627222222222223,5
155,1475X,SANTIAGO DE COMPOSTELA,2016-01-01,2024-12-31,42.87611111111112,-8.555833333333334,5
156,1476R,"ROIS, CASAS DO PORTO",2016-01-01,2024-12-31,42.74972222222223,-8.714722222222221,5
157,1477U,VILAGARCIA DE AROUSA,2016-01-01,2022-12-31,42.58222222222223,-8.769722222222223,5
158,1477V,VILAGARCÍA DE AROUSA,2016-01-01,2025-06-11,42.58472222222223,-8.774722222222223,5
159,1484C,PONTEVEDRA,2016-01-01,2025-06-11,42.43833333333333,-8.615833333333333,5
160,1486E,ESCUELA NAVAL DE MARÍN,2022-01-24,2025-06-11,42.39611111111111,-8.706944444444444,5
161,1489A,A LAMA,2017-01-01,2025-06-11,42.40694444444444,-8.45111111111111,5
162,1495,VIGO AEROPUERTO,2016-07-02,2025-06-11,42.23861111111111,-8.623888888888889,5
163,1496X,VIGO ,2016-01-01,2025-06-11,42.230555555555554,-8.724166666666667,5
164,1505,LUGO AEROPUERTO,2016-01-01,2025-06-11,43.11111111111112,-7.4575,5
165,1518A,LUGO,2016-01-01,2025-06-11,42.998333333333335,-7.5525,5
166,1521I,O PÁRAMO,2016-01-01,2024-12-31,42.84527777777778,-7.499444444444444,5
167,1521X,BECERREÁ,2016-01-01,2024-12-31,42.86388888888889,-7.185277777777778,5
168,1541B,VILLABLINO,2016-01-01,2024-12-31,42.928888888888885,-6.333888888888889,2
169,1542,PUERTO DE LEITARIEGOS,2016-01-01,2024-12-31,42.994166666666665,-6.414166666666668,1
170,1549,PONFERRADA,2016-01-01,2024-12-31,42.56388888888888,-6.6,0
171,1561I,VEGA DE ESPINAREDA  ,2016-01-01,2024-12-31,42.76611111111111,-6.673611111111112,2
172,1583X,O BARCO DE VALDEORRAS,2016-01-01,2024-12-31,42.41555555555556,-6.993055555555555,2
173,1631E,A POBRA DE TRIVES,2016-01-01,2024-12-31,42.339444444444446,-7.2825,2
174,1639X,CHANDREXA DE QUEIXA,2016-01-01,2024-12-31,42.26027777777778,-7.383611111111112,5
175,1658,FOLGOSO DO COUREL,2016-01-01,2024-12-31,42.58861111111111,-7.191666666666667,5
176,1679A,MONFORTE DE LEMOS,2016-01-01,2024-12-25,42.531666666666666,-7.510833333333333,4
177,1690A,OURENSE,2016-01-01,2024-12-31,42.32527777777778,-7.859722222222222,2
178,1696O,BEARIZ,2016-01-01,2024-12-31,42.46805555555556,-8.278055555555556,5
179,1700X,O CARBALLIÑO,2016-01-01,2024-12-31,42.421388888888885,-8.092500000000001,5
180,1701X,RIBADAVIA,2016-01-01,2024-12-31,42.3,-8.129166666666666,5
181,1706A,ALLARIZ,2016-01-01,2024-12-31,42.18277777777777,-7.796111111111111,2
182,1719,A CAÑIZA,2016-01-01,2024-12-31,42.21805555555556,-8.281111111111112,5
183,1723X,"PONTEAREAS, CANEDO   ",2016-01-01,2024-12-31,42.18222222222222,-8.492777777777777,5
184,1730E,O ROSAL,2016-01-01,2024-12-31,41.943888888888885,-8.8475,5
185,1735X,XINZO DE LIMIA,2016-01-01,2024-12-31,42.07916666666667,-7.733611111111111,2
186,1738U,MUIÑOS,2016-01-01,2024-12-31,41.93416666666666,-7.988888888888889,5
187,1740,"SANTILLANA DEL MAR, ALTAMIRA",2016-01-01,2024-12-31,43.37722222222222,-4.124444444444444,5
188,2005Y,"VINUESA, QUINTANAREJO",2016-01-01,2024-12-31,41.967777777777776,-2.7827777777777776,2
189,2017Y,"LA PÓVEDA DE SORIA, BARRIOMARTÍN",2016-01-01,2024-12-31,41.99583333333334,-2.494166666666666,2
190,2030,SORIA,2016-01-01,2024-12-31,41.775,-2.483055555555556,0
191,2044B,LUBIA,2016-01-01,2024-12-31,41.60055555555556,-2.5075,0
192,2048A,MORÓN DE ALMAZÁN,2016-01-01,2024-12-31,41.41944444444445,-2.4202777777777778,0
193,2059B,LA RIBA DE ESCALOTE,2016-01-01,2024-12-31,41.34972222222223,-2.783333333333333,0
194,2084Y,UCERO,2016-01-01,2024-12-31,41.721944444444446,-3.046944444444444,2
195,2092,BURGO DE OSMA,2016-01-01,2024-12-31,41.589444444444446,-3.0869444444444447,0
196,2096B,LICERAS,2016-01-01,2024-12-31,41.37361111111111,-3.251388888888889,0
197,2106B,CORUÑA DEL CONDE,2016-01-01,2024-12-31,41.74583333333334,-3.3819444444444446,0
198,2117D,ARANDA DE DUERO,2016-01-01,2024-12-31,41.66583333333333,-3.742777777777778,0
199,2135A,FRESNO DE CANTESPINO,2016-01-01,2024-12-31,41.37277777777778,-3.507222222222222,0
200,2140A,ALDEANUEVA DE SERREZUELA,2016-01-01,2024-12-31,41.464444444444446,-3.785833333333333,0
201,2150H,"LA PINILLA, ESTACIÓN DE ESQUÍ",2016-01-01,2024-12-31,41.19194444444444,-3.475277777777778,2
202,2166Y,PEÑAFIEL,2016-01-01,2024-12-31,41.59305555555556,-4.124722222222222,0
203,2172Y,SARDÓN DE DUERO,2016-01-01,2024-12-31,41.61194444444445,-4.405555555555556,0
204,2182C,PEDRAZA,2016-01-01,2024-12-31,41.13388888888889,-3.790277777777778,0
205,2192C,CUÉLLAR,2016-01-01,2024-12-31,41.38361111111111,-4.265555555555555,0
206,2235U,CERVERA DE PISUERGA,2016-01-01,2023-12-31,42.87055555555556,-4.52,2
207,2243A,AGUILAR DE CAMPOO,2016-01-01,2024-07-01,42.79805555555556,-4.277222222222222,2
208,2276B,VILLAELES DE VALDAVIA,2016-01-01,2023-12-31,42.56888888888889,-4.575,0
209,2285B,VILLADIEGO,2022-01-01,2023-12-31,42.52388888888889,-4.001111111111111,0
210,2290Y,PEDROSA DEL PRÍNCIPE,2016-01-01,2023-12-31,42.25111111111111,-4.198888888888889,0
211,2296A,ÓLVEGA,2016-01-01,2023-12-31,41.77555555555556,-1.9766666666666668,0
212,2298,PALACIOS DE LA SIERRA,2016-01-01,2023-12-31,41.95972222222223,-3.131666666666667,0
213,2302N,MONTERRUBIO DE LA DEMANDA,2016-01-01,2025-06-11,42.146388888888886,-3.1097222222222225,2
214,2311Y,VILLAMAYOR DE LOS MONTES,2016-01-01,2025-06-11,42.10527777777778,-3.767777777777778,0
215,2331,BURGOS AEROPUERTO,2016-01-01,2025-06-11,42.35694444444445,-3.620277777777778,0
216,2362C,"VELILLA DEL RÍO CARRIÓN, CAMPORREDONDO DE ALBA",2016-01-01,2025-06-11,42.89388888888889,-4.713611111111112,2
217,2374X,CARRIÓN DE LOS CONDES,2016-01-01,2025-06-11,42.35083333333333,-4.617222222222223,0
218,2400E,AUTILLA DEL PINO,2016-01-01,2025-06-11,41.99555555555556,-4.602777777777778,0
219,2401X,PALENCIA,2016-01-01,2025-06-11,42.00944444444445,-4.560555555555555,0
220,2422,VALLADOLID,2016-01-01,2025-06-11,41.64083333333333,-4.754166666666666,0
221,2430Y,MUÑOTELLO,2016-01-01,2025-06-11,40.54333333333333,-5.0441666666666665,0
222,2444,ÁVILA,2016-01-01,2025-06-11,40.65916666666666,-4.679722222222223,0
223,2453E,GOTARRENDURA,2016-01-01,2025-06-11,40.82888888888889,-4.741944444444444,0
224,2456B,AREVALO,2016-01-01,2025-06-11,41.07138888888889,-4.73,0
225,2462,PUERTO DE NAVACERRADA,2016-01-01,2025-06-11,40.793055555555554,-4.010555555555555,1
226,2465,SEGOVIA,2016-01-01,2025-06-11,40.945277777777775,-4.126388888888888,0
227,2471Y,SAN RAFAEL,2016-01-01,2025-06-11,40.71861111111112,-4.211944444444445,2
228,2482B,MIGUELAÑEZ,2016-01-01,2025-06-11,41.12638888888889,-4.375833333333333,0
229,2491C,"LA COVATILLA, ESTACIÓN DE ESQUÍ",2016-01-01,2025-06-11,40.355,-5.69,1
230,2503B,"OLMEDO, DEPÓSITO DE AGUA",2016-01-01,2025-06-11,41.28,-4.691944444444444,0
231,2503X,OLMEDO,2016-01-01,2016-12-31,41.325833333333335,-4.686944444444444,0
232,2507Y,RUEDA,2016-01-01,2025-06-11,41.41944444444445,-4.963611111111112,0
233,2512Y,RIVILLA DE BARAJAS,2016-01-01,2025-06-11,40.88222222222223,-5.018611111111111,0
234,2517A,FUENTE EL SOL,2016-01-01,2025-06-10,41.172777777777775,-4.939722222222223,0
235,2536D,MORALES DEL TORO,2016-01-01,2025-06-11,41.54833333333333,-5.271388888888889,0
236,2539,VALLADOLID AEROPUERTO,2016-01-01,2022-12-31,41.71194444444445,-4.855555555555555,0
237,2555B,FUENTESAUCO,2016-01-01,2022-12-31,41.236666666666665,-5.481388888888889,0
238,2565,CORESES,2022-01-01,2022-12-31,41.555277777777775,-5.630555555555556,0
239,2568D,"SANTERVÁS DE LA VEGA, VILLAPÚN ",2016-01-01,2022-12-31,42.52361111111111,-4.851111111111111,0
240,2593D,VILLALÓN DE CAMPOS,2016-01-01,2024-12-31,42.094166666666666,-5.041111111111111,0
241,2604B,MEDINA DE RIOSECO,2016-01-01,2024-12-31,41.87583333333333,-5.040277777777778,0
242,2611D,VILLAFÁFILA,2016-01-01,2024-12-31,41.85638888888889,-5.592499999999999,0
243,2614,ZAMORA,2016-01-01,2024-12-31,41.51555555555556,-5.735277777777778,0
244,2624C,RIAÑO,2016-01-01,2024-12-31,42.958333333333336,-5.0075,2
245,2626Y,CUBILLAS DE RUEDA,2016-01-01,2024-12-31,42.62,-5.193333333333333,0
246,2630X,PUERTO DE SAN ISIDRO,2016-01-01,2024-12-31,43.06222222222222,-5.376944444444444,1
247,2661,"LEÓN, VIRGEN DEL CAMINO",2016-01-01,2024-12-31,42.58833333333334,-5.651111111111112,0
248,2661B,LEÓN AEROPUERTO,2017-07-03,2017-07-31,42.59944444444445,-5.643611111111111,0
249,2664B,VALENCIA DE DON JUAN,2016-01-01,2024-12-31,42.29583333333333,-5.504722222222222,0
250,2701D,"BARRIOS DE LUNA, MIÑERA",2017-01-01,2024-12-31,42.88555555555556,-5.870833333333334,2
251,2728B,"QUINTANA DEL CASTILLO, VILLAMECA",2017-01-01,2024-12-31,42.64833333333333,-6.070833333333333,2
252,2734D,ASTORGA,2017-01-01,2024-12-31,42.47666666666667,-6.0744444444444445,0
253,2737E,LAGUNAS DE SOMOZA,2017-01-01,2024-12-31,42.3775,-6.196666666666667,0
254,2742R,BUSTILLO DEL PÁRAMO,2017-01-01,2024-12-31,42.46638888888889,-5.779722222222222,0
255,2755X,BENAVENTE,2017-01-01,2024-12-31,42.01083333333333,-5.666666666666667,0
256,2766E,"SANABRIA, ROBLEDA-CERVANTES",2017-01-01,2024-12-31,42.0825,-6.639722222222222,2
257,2775X,VILLARDECIERVOS,2017-01-01,2024-12-31,41.94138888888889,-6.279722222222222,0
258,2777K,SANTIBAÑEZ DE VIDRIALES,2017-01-01,2024-12-31,42.07805555555556,-6.007222222222223,0
259,2789H,POZUELO DE TABARA,2017-01-01,2024-12-31,41.785555555555554,-5.908888888888889,0
260,2804F,VILLADEPERA,2017-01-01,2024-12-31,41.53388888888889,-6.141944444444444,0
261,2811A,NAVARREDONDA DE GREDOS,2017-01-01,2019-12-31,40.35055555555556,-5.143055555555556,2
262,2828Y,BARCO DE AVILA,2017-01-01,2024-12-31,40.35527777777778,-5.519166666666667,0
263,2847X,PEDROSILLO DE LOS AIRES   ,2017-01-01,2024-12-31,40.67555555555556,-5.643333333333333,0
264,2863C,PEDRAZA DE ALBA  ,2017-01-01,2024-12-31,40.73222222222223,-5.366111111111111,0
265,2867,SALAMANCA AEROPUERTO,2017-01-01,2024-12-31,40.95944444444445,-5.498333333333333,0
266,2870,SALAMANCA,2017-01-01,2025-06-11,40.9575,-5.662222222222223,0
267,2873X,BARBADILLO,2017-01-01,2025-06-11,40.90361111111111,-5.779722222222222,0
268,2882D,PEÑAUSENDE,2017-01-01,2025-06-10,41.23888888888889,-5.8975,0
269,2885K,FRESNO DE SAYAGO,2017-01-01,2025-06-11,41.30444444444444,-6.022222222222222,0
270,2891A,VILLARINO DE LOS AIRES,2017-01-01,2025-06-11,41.26277777777778,-6.462222222222223,0
271,2914C,BOADILLA FUENTE SAN ESTEBAN,2016-07-02,2025-06-11,40.78611111111111,-6.202777777777778,0
272,2916A,VITIGUDINO,2017-01-01,2025-06-11,41.01138888888889,-6.437777777777778,0
273,2918Y,EL MAÍLLO,2017-01-01,2025-06-11,40.56944444444445,-6.223611111111111,2
274,2926B,BAÑOBÁREZ,2017-01-01,2025-06-11,40.85138888888889,-6.608888888888888,0
275,2930Y,NAVASFRÍAS,2016-01-01,2025-06-11,40.29666666666667,-6.812777777777778,2
276,2945A,EL BODÓN BASE AÉREA,2016-01-01,2025-06-11,40.485,-6.576944444444444,0
277,2946X,SAELICES EL CHICO,2016-01-01,2025-06-11,40.635,-6.6,0
278,2966D,ALCAÑICES  ,2016-01-01,2025-06-11,41.68333333333333,-6.301388888888889,0
279,2969U,A GUDIÑA,2016-01-01,2024-12-31,42.02722222222222,-7.183055555555556,2
280,2978X,VERÍN,2016-01-01,2024-12-31,41.92666666666666,-7.421944444444445,2
281,3013,MOLINA DE ARAGÓN,2016-01-01,2024-12-31,40.84166666666667,-1.8788888888888888,0
282,3021Y,ZAOREJAS,2016-01-01,2024-12-31,40.75833333333333,-2.199722222222222,0
283,3040Y,BETETA,2016-01-17,2024-10-31,40.57166666666667,-2.0763888888888893,0
284,3044X,CAÑIZARES,2016-01-01,2022-03-30,40.530277777777776,-2.15,2
285,3085Y,PASTRANA,2016-01-01,2024-12-31,40.407777777777774,-2.953055555555556,0
286,3094B,TARANCÓN,2016-01-01,2024-12-31,40.011944444444445,-3.0213888888888887,0
287,3099Y,OCAÑA,2016-01-01,2024-12-31,39.93527777777778,-3.4961111111111114,0
288,3100B,ARANJUEZ,2016-01-01,2024-12-31,40.06722222222223,-3.546111111111111,0
289,3103,PANTANO EL VADO,2016-01-01,2024-12-31,41.00361111111111,-3.301944444444444,0
290,3104Y,RASCAFRÍA,2016-01-01,2024-12-31,40.88972222222222,-3.888333333333333,2
291,3110C,BUITRAGO DEL LOZOYA,2016-01-01,2024-12-31,41.00694444444444,-3.613888888888889,0
292,3111D,SOMOSIERRA,2016-01-01,2024-12-31,41.13555555555556,-3.580555555555556,2
293,3125Y,SAN SEBASTIÁN DE LOS REYES,2016-01-01,2024-12-31,40.55,-3.616666666666666,0
294,3126Y,"MADRID, EL GOLOSO",2016-01-01,2024-12-31,40.561388888888885,-3.7119444444444447,0
295,3129,MADRID AEROPUERTO,2016-01-01,2024-12-31,40.46666666666667,-3.555555555555556,0
296,3130C,SIGÜENZA,2016-01-01,2024-12-31,41.08638888888889,-2.618055555555556,0
297,3140Y,MANDAYONA,2016-02-12,2024-12-31,40.985,-2.76,0
298,3168D,GUADALAJARA,2016-01-01,2024-12-31,40.63027777777778,-3.1502777777777777,0
299,3170Y,ALCALA DE HENARES,2016-03-30,2024-12-31,40.52833333333333,-3.289722222222222,0
300,3175,TORREJÓN DE ARDOZ,2016-01-01,2024-12-31,40.48861111111111,-3.443611111111111,0
301,3182Y,ARGANDA DEL REY,2016-01-01,2024-12-31,40.31166666666666,-3.497777777777778,0
302,3191E,COLMENAR VIEJO,2016-01-01,2024-12-31,40.69611111111111,-3.765,0
303,3194U,"MADRID, CIUDAD UNIVERSITARIA",2016-01-01,2024-12-31,40.45166666666667,-3.724166666666666,0
304,3194Y,POZUELO DE ALARCÓN,2016-01-01,2024-12-31,40.44833333333333,-3.813333333333333,0
305,3195,"MADRID, RETIRO",2016-01-01,2024-12-31,40.41194444444445,-3.6780555555555554,0
306,3196,"MADRID, CUATRO VIENTOS",2016-01-01,2023-12-31,40.37555555555556,-3.786111111111111,0
307,3200,GETAFE,2016-01-01,2024-12-31,40.29944444444444,-3.7222222222222223,0
308,3209Y,BRIHUEGA,2016-01-01,2023-12-31,40.765277777777776,-2.8741666666666665,0
309,3229Y,TIELMES,2016-01-01,2023-12-31,40.24722222222222,-3.3116666666666665,0
310,3245Y,TEMBLEQUE,2016-01-01,2023-12-31,39.69611111111111,-3.5058333333333334,0
311,3254Y,MORA,2016-01-01,2023-12-31,39.68694444444444,-3.780555555555555,0
312,3260B,TOLEDO,2016-01-01,2023-12-31,39.88472222222222,-4.045277777777778,0
313,3266A,PUERTO ALTO DEL LEÓN,2016-01-01,2023-12-31,40.70638888888889,-4.141944444444444,2
314,3268C,ALPEDRETE,2016-01-01,2023-12-31,40.65972222222222,-4.0175,0
315,3298X,SAN PABLO DE LOS MONTES,2016-01-01,2023-12-31,39.54694444444444,-4.350555555555555,0
316,3305Y,NAVAHERMOSA,2016-01-01,2023-12-31,39.63055555555555,-4.476944444444444,0
317,3319D,PUERTO DEL PICO,2016-01-01,2025-06-11,40.33972222222222,-5.012777777777778,1
318,3330Y,ROZAS DE PUERTO REAL,2016-01-01,2025-06-11,40.31305555555555,-4.487222222222222,2
319,3337U,CEBREROS,2016-01-01,2025-06-11,40.4675,-4.4558333333333335,0
320,3338,ROBLEDO DE CHAVELA,2016-01-01,2025-06-11,40.42777777777778,-4.25,0
321,3343Y,VALDEMORILLO,2016-01-01,2025-06-11,40.49666666666667,-4.061111111111111,0
322,3362Y,CASTILLO DE BAYUELA,2016-01-01,2025-06-11,40.10833333333333,-4.680555555555556,0
323,3365A,TALAVERA DE LA REINA,2016-01-01,2025-06-11,39.95861111111111,-4.863611111111111,0
324,3386A,NAVALVILLAR DE IBOR,2016-01-01,2025-06-11,39.59166666666667,-5.391666666666668,2
325,3391,SOTILLO DE LA ADRADA,2016-01-01,2025-06-11,40.28861111111111,-4.590833333333333,0
326,3422D,CANDELEDA,2016-01-06,2025-06-11,40.13916666666667,-5.311388888888889,0
327,3423I,MADRIGAL DE LA VERA,2016-01-01,2025-06-11,40.153888888888886,-5.373333333333333,2
328,3427Y,OROPESA,2016-01-03,2025-06-11,39.99333333333333,-5.114444444444444,0
329,3434X,NAVALMORAL DE LA MATA,2016-01-01,2024-12-31,39.94583333333333,-5.5825,0
330,3436D,GARGANTA LA OLLA,2016-01-01,2025-06-11,40.11111111111112,-5.784722222222222,2
331,3448X,SERRADILLA,2016-01-01,2024-12-31,39.82083333333334,-6.1275,0
332,3455X,JARAICEJO,2016-01-01,2024-07-01,39.67,-5.808333333333334,0
333,3463X,TRUJILLO,2016-01-01,2019-09-30,39.4825,-5.854166666666666,0
334,3463Y,TRUJILLO,2019-10-01,2024-12-31,39.46416666666667,-5.874166666666667,0
335,3469A,CÁCERES,2016-01-01,2024-12-31,39.47138888888889,-6.338888888888889,0
336,3475X,CAÑAVERAL,2016-01-01,2024-12-31,39.79055555555556,-6.376388888888888,0
337,3494U,NUÑOMORAL,2016-01-01,2024-12-31,40.40805555555556,-6.239722222222222,2
338,3503,GUIJO DE GRANADILLA,2016-01-01,2024-12-31,40.18944444444444,-6.1675,0
339,3504X,HERVÁS,2016-01-01,2024-12-31,40.265,-5.861111111111111,2
340,3512X,MONTEHERMOSO,2016-01-01,2024-12-31,40.08083333333334,-6.338888888888889,0
341,3514B,TORNAVACAS,2016-01-01,2024-12-31,40.25861111111111,-5.678333333333334,2
342,3516X,PIORNAL,2016-01-01,2024-12-31,40.12083333333334,-5.8325,2
343,3519X,PLASENCIA,2016-01-01,2024-12-31,40.043055555555554,-6.085833333333333,0
344,3526X,CORIA,2016-01-01,2024-12-31,40.00361111111111,-6.5575,0
345,3531X,TORRECILLA DE LOS ANGELES,2016-01-01,2024-12-31,40.255,-6.411666666666667,2
346,3536X,HOYOS,2016-01-01,2024-12-31,40.17472222222222,-6.724444444444445,2
347,3540X,ZARZA LA MAYOR,2016-01-01,2024-12-31,39.87138888888889,-6.859999999999999,0
348,3547X,VALVERDE DEL FRESNO,2016-01-01,2024-12-31,40.20722222222223,-6.896111111111111,2
349,3562X,ALISEDA,2016-01-01,2024-12-31,39.4275,-6.7363888888888885,0
350,3565X,BROZAS,2016-01-01,2024-12-31,39.61805555555556,-6.745,0
351,3576X,VALENCIA DE ALCÁNTARA,2016-01-01,2024-12-31,39.414722222222224,-7.231111111111111,0
352,4007Y,OSSA DE MONTIEL,2016-01-01,2024-12-31,38.965833333333336,-2.745,0
353,4051Y,ALCÁZAR DEL REY,2016-01-01,2024-12-31,40.06111111111111,-2.8069444444444445,0
354,4061X,QUINTANAR DE LA ORDEN,2016-01-01,2024-12-31,39.59722222222222,-3.0483333333333333,0
355,4064Y,ALCAZAR DE SAN JUAN,2016-01-01,2024-12-31,39.39083333333333,-3.2158333333333333,0
356,4067,MADRIDEJOS,2016-01-01,2024-12-31,39.49194444444444,-3.5283333333333333,0
357,4070Y,ABIA DE OBISPALIA,2016-01-01,2024-12-31,40.01888888888889,-2.395277777777778,0
358,4075Y,VILLARES DEL SAZ,2016-01-01,2024-12-31,39.84027777777778,-2.5033333333333334,0
359,4089A,ALBERCA DE ZANCARA,2016-01-01,2024-12-31,39.51694444444444,-2.4958333333333336,0
360,4090Y,SAN CLEMENTE,2016-01-19,2024-12-31,39.41666666666666,-2.420555555555556,0
361,4091Y,VILLARROBLEDO,2017-01-01,2024-12-31,39.261944444444445,-2.5925,0
362,4093Y,OSA DE LA VEGA,2016-07-02,2024-12-31,39.65611111111111,-2.76,0
363,4095Y,BELMONTE,2017-01-01,2025-06-11,39.555277777777775,-2.705555555555556,0
364,4096Y,MUNERA,2016-07-02,2025-06-11,39.016666666666666,-2.488888888888889,0
365,4103X,TOMELLOSO,2016-01-15,2025-06-11,39.16916666666666,-3.0075,0
366,4116I,ALMAGRO / FAMET,2016-01-01,2025-06-11,38.950833333333335,-3.741944444444445,0
367,4121,CIUDAD REAL,2016-01-01,2025-06-11,38.98916666666667,-3.9202777777777778,0
368,4138Y,VILLANUEVA DE LOS INFANTES,2016-01-01,2025-06-11,38.7375,-3.0044444444444443,0
369,4147X,VALDEPEÑAS,2016-01-01,2025-06-11,38.75055555555556,-3.391388888888889,0
370,4148,VISO DEL MARQUÉS,2016-01-01,2025-06-11,38.51805555555556,-3.5666666666666664,0
371,4193Y,EL ROBLEDO,2016-01-01,2025-06-11,39.21694444444445,-4.282777777777778,0
372,4195E,"ALCORNOQUERA, PARQUE NACIONAL CABAÑEROS",2023-07-03,2025-06-11,39.32083333333334,-4.3950000000000005,0
373,4210Y,ABENÓJAR,2016-01-01,2025-06-11,38.89805555555556,-4.291944444444444,0
374,4220X,PUEBLA DE DON RODRIGO,2016-01-01,2024-08-04,39.08361111111111,-4.621944444444445,0
375,4236Y,PUERTO REY ,2016-01-01,2025-06-11,39.45055555555556,-5.026388888888889,0
376,4244X,HERRERA DEL DUQUE,2016-01-01,2024-12-31,39.16944444444445,-5.062222222222222,0
377,4245X,GUADALUPE,2016-01-01,2024-12-31,39.45527777777778,-5.333333333333333,2
378,4260,PERALEDA DEL ZAUCEJO,2016-01-01,2024-12-31,38.47972222222222,-5.5775,0
379,4263X,VALSEQUILLO,2016-01-01,2024-12-31,38.409444444444446,-5.350555555555555,0
380,4267X,HINOJOSA DEL DUQUE,2016-01-01,2024-12-31,38.498333333333335,-5.121388888888888,0
381,4300Y,ALMADÉN,2016-01-01,2024-12-31,38.775277777777774,-4.845277777777778,0
382,4325Y,CASTUERA,2022-01-01,2024-12-31,38.74194444444444,-5.529166666666667,0
383,4339X,CAÑAMERO,2016-01-01,2024-12-31,39.314166666666665,-5.368888888888889,0
384,4340,NAVALVILLAR DE PELA,2016-01-01,2024-12-31,39.10333333333333,-5.461388888888889,0
385,4347X,ZORITA,2016-01-01,2024-12-31,39.282777777777774,-5.710277777777778,0
386,4358X,DON BENITO,2016-01-01,2024-12-31,38.95555555555556,-5.880555555555556,0
387,4362X,RETAMAL DE LLERENA,2022-09-30,2024-12-31,38.57638888888889,-5.845833333333333,0
388,4386B,LLERENA,2016-01-01,2024-12-31,38.23166666666667,-6.016944444444444,0
389,4395X,VILLAFRANCA DE LOS BARROS,2016-01-01,2024-12-31,38.55166666666666,-6.306666666666667,0
390,4410X,MÉRIDA,2016-01-01,2024-12-31,38.91583333333333,-6.385555555555556,0
391,4411C,ALCUESCAR,2016-01-01,2024-12-31,39.1975,-6.231111111111111,0
392,4427X,ZAFRA,2016-01-01,2024-12-31,38.42583333333333,-6.4366666666666665,0
393,4436Y,ALMENDRALEJO,2016-01-01,2024-12-31,38.68888888888888,-6.361111111111111,0
394,4452,BADAJOZ AEROPUERTO,2016-01-01,2024-12-31,38.88333333333333,-6.813888888888889,0
395,4464X,ALBURQUERQUE,2016-01-01,2024-12-31,39.18194444444444,-6.995277777777778,0
396,4468X,PUEBLA DE OBANDO,2016-01-01,2024-12-31,39.17666666666666,-6.600833333333333,0
397,4478X,BADAJOZ,2016-01-01,2024-12-31,38.88611111111111,-7.009444444444444,0
398,4486X,OLIVENZA,2017-01-01,2023-12-31,38.6975,-7.084444444444444,0
399,4489X,ALCONCHEL,2016-01-01,2024-12-31,38.484722222222224,-7.281944444444444,0
400,4492F,BARCARROTA,2016-06-08,2023-12-31,38.47277777777778,-6.923333333333334,0
401,4497X,VILLANUEVA DEL FRESNO,2016-01-01,2023-12-31,38.37222222222222,-7.158055555555556,0
402,4499X,MONESTERIO,2016-01-01,2023-12-31,38.081388888888895,-6.271944444444444,0
403,4501X,FUENTE DE CANTOS,2016-01-01,2023-12-31,38.20861111111111,-6.311388888888889,0
404,4511C,JEREZ DE LOS CABALLEROS,2016-01-01,2023-12-31,38.29861111111111,-6.765,0
405,4520X,FREGENAL DE LA SIERRA,2016-01-01,2023-12-31,38.17833333333333,-6.661666666666667,0
406,4527X,AROCHE,2016-01-01,2023-12-31,37.98027777777778,-6.975833333333333,0
407,4541X,EL GRANADO,2016-01-01,2024-07-01,37.55361111111111,-7.52,0
408,4549Y,AYAMONTE,2016-01-01,2023-12-31,37.19472222222222,-7.395,4
409,4554X,CARTAYA,2016-01-01,2024-07-01,37.21833333333333,-7.083611111111111,4
410,4560Y,ALAJAR,2016-01-01,2023-12-31,37.86861111111112,-6.675000000000001,2
411,4575X,VALVERDE DEL CAMINO,2016-01-01,2023-12-31,37.57527777777778,-6.767777777777778,2
412,4584X,EL CERRO DE ANDÉVALO,2016-01-01,2023-12-31,37.73166666666667,-6.942222222222222,0
413,4589X,"ALOSNO, THARSIS",2016-01-01,2024-12-31,37.59777777777778,-7.1194444444444445,0
414,4608X,EL CAMPILLO,2016-01-01,2024-12-31,37.67722222222222,-6.630000000000001,0
415,4622X,VILLARRASA,2016-01-01,2024-12-31,37.450833333333335,-6.636666666666666,0
416,4642E,"HUELVA, RONDA ESTE",2016-01-01,2024-12-31,37.27833333333333,-6.911666666666667,0
417,5000C,CEUTA,2016-01-01,2024-12-31,35.88861111111111,-5.3469444444444445,4
418,5038X,CAZORLA,2016-01-01,2018-10-02,37.91583333333333,-3.003888888888889,2
419,5038Y,CAZORLA,2016-01-01,2025-06-11,37.91583333333333,-3.003888888888889,0
420,5047E,BAZA,2016-01-01,2025-06-11,37.505833333333335,-2.735,0
421,5051X,HUÉSCAR,2016-01-01,2025-06-11,37.86138888888889,-2.6527777777777777,0
422,5060X,VÉLEZ BLANCO - TOPARES,2016-01-01,2025-06-11,37.86083333333333,-2.228055555555556,0
423,5103E,"CAMARATE 2, PARQUE NACIONAL SIERRA NEVADA",2023-10-16,2025-06-11,37.15833333333333,-3.2569444444444446,1
424,5103F,"CAMARATE, PARQUE NACIONAL SIERRA NEVADA",2023-07-05,2025-06-11,37.19111111111111,-3.253888888888889,0
425,5107D,DÓLAR,2018-01-01,2025-06-11,37.18,-2.986388888888889,0
426,5164B,BAEZA,2016-01-01,2025-06-11,37.99666666666667,-3.4619444444444447,0
427,5165X,TORRES,2016-07-02,2025-06-11,37.78083333333333,-3.563611111111111,0
428,5181D,ARROYO DEL OJANCO,2016-01-01,2025-05-16,38.31472222222222,-2.8897222222222223,0
429,5192,VILLARRODRIGO,2016-01-01,2025-06-01,38.48916666666667,-2.6375,0
430,5210X,VILLANUEVA DEL ARZOBISPO,2016-01-01,2025-06-11,38.175,-2.998055555555556,0
431,5246,SANTA ELENA,2016-01-01,2025-06-03,38.34444444444445,-3.535277777777777,0
432,5270B,JAÉN,2016-01-01,2024-12-31,37.7775,-3.8091666666666666,0
433,5279X,LINARES,2016-01-01,2024-12-31,38.15111111111111,-3.6294444444444447,0
434,5281X,BAILÉN,2019-01-01,2024-12-31,38.09305555555556,-3.7825,0
435,5298X,ANDÚJAR,2016-01-01,2024-12-31,38.02305555555555,-4.0633333333333335,0
436,5304Y,PUERTOLLANO,2019-01-01,2024-12-31,38.66888888888889,-4.059166666666666,0
437,5341C,FUENCALIENTE,2018-07-03,2024-12-31,38.428888888888885,-4.301666666666667,0
438,5346X,CARDEÑA,2016-07-02,2024-12-31,38.18666666666666,-4.2725,2
439,5361X,MONTORO,2016-01-01,2024-12-31,38.013333333333335,-4.330277777777778,0
440,5390Y,VILLANUEVA DE CÓRDOBA,2016-01-01,2024-12-31,38.33305555555556,-4.608888888888888,0
441,5394X,"CÓRDOBA, EMBALSE DE GUADANUÑO",2016-01-01,2024-12-31,38.020833333333336,-4.796666666666667,0
442,5402,CÓRDOBA AEROPUERTO,2016-01-01,2024-12-31,37.848888888888894,-4.846666666666667,0
443,5406X,ALCALÁ LA REAL,2016-01-01,2024-12-31,37.4975,-3.9080555555555554,0
444,5412X,PRIEGO DE CÓRDOBA,2016-01-01,2024-12-31,37.484722222222224,-4.207777777777778,0
445,5427X,DOÑA MENCÍA,2016-01-01,2024-07-01,37.55611111111111,-4.353888888888888,0
446,5429X,"CÓRDOBA, PRÁGDENA",2016-01-01,2024-12-31,37.81027777777778,-4.462222222222223,0
447,5459X,ESPIEL,2016-01-01,2024-12-31,38.11111111111112,-4.928611111111112,0
448,5470,FUENTE PALMERA,2016-01-01,2024-12-31,37.75305555555556,-5.100555555555555,0
449,5473X,AZUAGA,2016-01-01,2024-12-31,38.26777777777777,-5.686111111111112,0
450,5511,"PRADOLLANO, PARQUE NACIONAL SIERRA NEVADA",2023-10-16,2024-12-31,37.06444444444444,-3.3713888888888888,1
451,5514,GRANADA BASE AÉREA,2016-01-01,2024-12-31,37.13722222222222,-3.631388888888889,0
452,5514Z,GRANADA BASE AÉREA,2019-10-10,2024-12-20,37.13611111111111,-3.633333333333333,0
453,5515D,VÍZNAR,2016-01-21,2024-12-31,37.23694444444445,-3.5505555555555555,0
454,5515X,GRANADA-CARTUJA,2016-01-01,2024-12-31,37.189722222222215,-3.595555555555556,0
455,5516D,SIERRA NEVADA 'RADIOTELESCOPIO',2022-01-01,2024-12-31,37.06305555555555,-3.3869444444444445,1
456,5530E,GRANADA AEROPUERTO,2016-01-01,2024-12-31,37.19027777777777,-3.789722222222222,0
457,5582A,LOJA,2016-01-01,2024-12-31,37.16111111111111,-4.152777777777779,0
458,5598X,BENAMEJÍ,2016-01-01,2024-12-31,37.23083333333334,-4.547777777777777,0
459,5612B,LA RODA DE ANDALUCÍA,2016-01-01,2025-06-11,37.19444444444444,-4.77,0
460,5612X,LORA DE ESTEPA,2016-01-01,2025-06-11,37.27027777777778,-4.826944444444444,0
461,5624X,AGUILAR DE LA FRONTERA,2016-01-01,2025-06-11,37.48194444444445,-4.685833333333334,0
462,5625X,LA RAMBLA,2016-01-01,2025-06-11,37.63861111111111,-4.763888888888889,0
463,5641X,ÉCIJA,2016-01-01,2025-06-11,37.51611111111111,-5.085,0
464,5654X,LA PUEBLA DE LOS INFANTES,2016-01-01,2025-06-11,37.78666666666666,-5.371111111111111,0
465,5656,FUENTES DE ANDALUCÍA,2016-01-01,2025-06-11,37.49722222222222,-5.433055555555556,0
466,5702X,CARMONA,2016-01-01,2025-06-11,37.56555555555556,-5.740555555555556,0
467,5704B,CAZALLA DE LA SIERRA,2016-01-01,2025-06-11,37.92638888888889,-5.769722222222222,2
468,5726X,GUADALCANAL,2016-01-01,2025-06-11,38.09944444444445,-5.819166666666667,0
469,5733X,ALMADÉN DE LA PLATA,2016-01-01,2025-06-11,37.79111111111111,-6.075,0
470,5769X,CALA,2016-01-01,2025-06-11,37.97361111111111,-6.322222222222222,0
471,5783,SEVILLA AEROPUERTO,2016-01-01,2024-12-31,37.41666666666666,-5.879166666666667,0
472,5788X,"TOMARES, ZAUDÍN",2019-02-01,2025-06-11,37.361666666666665,-6.059722222222222,0
473,5790Y,"SEVILLA, TABLADA",2016-01-01,2024-12-31,37.36416666666667,-6.005833333333333,0
474,5796,MORÓN DE LA FRONTERA,2016-01-01,2025-06-11,37.16444444444444,-5.6113888888888885,0
475,5835X,CARRIÓN DE LOS CÉSPEDES,2016-01-01,2025-06-11,37.36,-6.3341666666666665,0
476,5858X,ALMONTE,2016-01-01,2025-06-11,36.98861111111111,-6.443055555555556,4
477,5860E,"MOGUER, EL ARENOSILLO",2016-01-01,2025-06-11,37.09805555555556,-6.738055555555556,4
478,5891X,LAS CABEZAS DE SAN JUAN,2016-01-01,2024-12-31,36.95333333333333,-5.846666666666667,0
479,5906X,CHIPIONA,2016-01-01,2024-12-31,36.75,-6.400555555555556,4
480,5910,"ROTA, BASE NAVAL",2016-01-01,2024-07-01,36.638888888888886,-6.3325,4
481,5911A,GRAZALEMA,2016-01-01,2023-12-31,36.76055555555556,-5.3741666666666665,2
482,5919X,OLVERA,2016-01-01,2023-12-31,36.931666666666665,-5.259444444444444,0
483,5941X,EL BOSQUE,2016-01-01,2023-12-31,36.72944444444445,-5.512222222222222,0
484,5950X,SAN JOSÉ DEL VALLE,2016-01-01,2023-12-31,36.66388888888888,-5.783333333333333,0
485,5960,JEREZ DE LA FRONTERA AEROPUERTO,2016-01-01,2023-12-31,36.75055555555556,-6.055833333333333,0
486,5972X,SAN FERNANDO,2016-01-01,2023-07-02,36.46555555555556,-6.205555555555556,4
487,5973,CÁDIZ,2016-01-01,2024-12-31,36.49972222222223,-6.257777777777778,4
488,5983X,MEDINA SIDONIA,2016-01-01,2023-12-31,36.40611111111111,-5.920277777777778,0
489,5995B,VEJER DE LA FRONTERA,2016-01-01,2024-12-31,36.24555555555556,-5.965,4
490,5996B,BARBATE,2016-01-01,2024-12-31,36.18472222222222,-5.9094444444444445,4
491,5998X,OSUNA,2016-01-01,2024-12-31,37.24333333333333,-5.1125,0
492,6000A,MELILLA,2016-01-01,2024-12-31,35.27638888888889,-2.956388888888889,4
493,6001,TARIFA,2016-01-09,2024-12-31,36.013888888888886,-5.598888888888888,4
494,6032B,RONDA,2016-01-20,2016-01-20,36.74972222222223,-5.168333333333334,2
495,6032X,RONDA INSTITUTO,2016-01-01,2025-06-11,36.75,-5.168611111111112,0
496,6040X,CORTES DE LA FRONTERA,2016-01-01,2025-06-11,36.54444444444445,-5.386388888888889,2
497,6042I,JIMENA DE LA FRONTERA,2016-07-02,2024-12-31,36.43555555555555,-5.3950000000000005,4
498,6045X,ALPANDEIRE,2016-01-01,2023-12-31,36.6325,-5.203055555555555,2
499,6050X,GAUCÍN,2016-01-01,2025-06-11,36.51861111111111,-5.318611111111111,0
500,6056X,SAN ROQUE  ,2016-01-01,2025-06-11,36.27305555555555,-5.2844444444444445,4
501,6057X,MANILVA,2016-01-01,2023-12-31,36.37833333333333,-5.26,4
502,6058I,ESTEPONA,2016-01-01,2024-12-31,36.41694444444444,-5.155,4
503,6069X,BENAHAVÍS,2016-01-01,2023-12-31,36.54361111111111,-5.024722222222223,0
504,6076X,"MARBELLA, PUERTO",2016-01-01,2024-12-31,36.48444444444444,-4.953055555555555,4
505,6083X,MARBELLA,2016-01-01,2024-12-31,36.48333333333333,-4.740277777777778,4
506,6084X,FUENGIROLA,2016-01-01,2024-12-31,36.53861111111111,-4.618333333333334,4
507,6088X,TORREMOLINOS,2016-01-01,2024-12-31,36.62055555555556,-4.515,4
508,6100B,ANTEQUERA AYUNTAMIENTO (AUTOMÁTICA THIES),2016-01-01,2024-12-31,37.02388888888889,-4.5625,0
509,6106X,ANTEQUERA,2016-01-01,2024-12-31,37.02944444444445,-4.748333333333333,0
510,6127X,ÁLORA,2016-01-01,2024-12-31,36.85472222222222,-4.696666666666667,0
511,6143X,COÍN,2016-01-01,2024-12-31,36.657777777777774,-4.760833333333333,0
512,6155A,MÁLAGA AEROPUERTO,2016-01-01,2024-07-01,36.66611111111111,-4.482222222222222,4
513,6156X,"MÁLAGA, CENTRO METEOROLÓGICO",2016-01-01,2024-12-31,36.717777777777776,-4.4816666666666665,4
514,6172O,"MÁLAGA, PUERTO",2016-01-01,2016-01-31,36.71666666666667,-4.419722222222222,0
515,6172X,MÁLAGA,2016-01-01,2023-12-31,36.71666666666667,-4.419722222222222,4
516,6175X,RINCÓN DE LA VICTORIA,2016-01-01,2023-12-31,36.715,-4.286111111111111,4
517,6199X,VÉLEZ-MÁLAGA,2023-01-01,2024-12-31,36.76861111111111,-4.093611111111111,0
518,6201X,ALGARROBO,2016-01-01,2025-06-11,36.755833333333335,-4.043888888888889,4
519,6205X,TORROX,2016-01-01,2024-12-31,36.72638888888889,-3.957222222222222,4
520,6213X,NERJA,2017-01-01,2024-12-31,36.76277777777778,-3.845277777777778,4
521,6248D,"CAÑAR, PARQUE NACIONAL SIERRA NEVADA",2023-10-16,2024-12-31,36.95222222222223,-3.430277777777777,1
522,6258X,LANJARÓN,2016-01-01,2024-12-31,36.92305555555555,-3.4925,0
523,6267X,SALOBREÑA,2017-01-01,2024-12-31,36.748333333333335,-3.578611111111111,4
524,6268X,MOTRIL,2016-07-20,2016-12-13,36.72277777777778,-3.5302777777777776,5
525,6268Y,"MOTRIL, PUERTO",2016-01-01,2024-12-31,36.723888888888894,-3.529166666666667,4
526,6272X,CASTELL DE FERRO,2016-01-01,2024-12-31,36.73416666666667,-3.38,4
527,6277B,ADRA,2016-01-01,2024-12-31,36.74722222222222,-3.020555555555556,4
528,6281X,VÁLOR,2016-01-01,2024-12-31,37.00527777777778,-3.071388888888889,0
529,6291B,EL EJIDO,2016-01-01,2024-12-31,36.77472222222222,-2.813055555555555,4
530,6293X,ROQUETAS DE MAR,2016-01-01,2024-12-31,36.68694444444444,-2.7016666666666667,4
531,6299I,"LAGUNA SECA, PARQUE NACIONAL SIERRA NEVADA",2023-10-16,2024-12-26,37.09583333333334,-2.9644444444444447,1
532,6302A,ABLA,2016-01-01,2024-12-31,37.14138888888889,-2.78,0
533,6307C,"LAÚJAR, PARQUE NACIONAL SIERRA NEVADA",2023-07-05,2024-12-31,37.05305555555555,-2.897222222222222,0
534,6307X,LÁUJAR DE ANDARAX,2016-01-01,2024-12-31,37.03333333333333,-2.9125,0
535,6312E,"RÁGOL, PARQUE NACIONAL SIERRA NEVADA",2023-07-05,2024-12-31,37.020833333333336,-2.677222222222222,0
536,6325O,ALMERÍA AEROPUERTO,2016-01-01,2024-12-31,36.84638888888889,-2.3569444444444447,4
537,6329X,CABO DE GATA,2016-01-01,2024-12-31,36.721944444444446,-2.1930555555555555,4
538,6332X,CARBONERAS,2017-01-01,2021-07-27,36.98027777777778,-1.903611111111111,4
539,6332Y,CARBONERAS,2021-07-01,2024-12-31,36.94222222222222,-1.9069444444444443,4
540,6335O,"NACIMIENTO, PARQUE NACIONAL SIERRA NEVADA",2023-07-05,2024-12-31,37.11,-2.6991666666666667,0
541,6340X,"GARRUCHA, PUERTO",2016-01-01,2024-12-31,37.178888888888885,-1.8166666666666669,4
542,6364X,ALBOX,2016-01-01,2024-12-31,37.406666666666666,-2.151388888888889,0
543,6367B,HUÉRCAL-OVERA,2016-01-01,2024-12-31,37.39055555555556,-1.9436111111111112,0
544,6375X,FUENTE DE PIEDRA,2016-01-01,2024-12-31,37.13222222222223,-4.741944444444444,0
545,6381,ALBORÁN,2016-01-01,2016-06-11,35.93833333333333,-3.036111111111111,4
546,7002Y,ÁGUILAS,2016-01-01,2024-12-31,37.41722222222222,-1.5869444444444445,0
547,7007Y,MAZARRÓN,2019-01-01,2024-12-31,37.58805555555556,-1.2305555555555556,4
548,7012C,CARTAGENA,2016-01-01,2024-12-31,37.60111111111111,-0.9877777777777778,4
549,7012D,CARTAGENA,2016-02-22,2024-12-31,37.60444444444445,-1.0233333333333332,4
550,7019X,CARTAGENA/SALINAS CABO PALOS,2022-02-24,2024-12-31,37.63583333333333,-0.7155555555555555,4
551,7020C,MURCIA AEROPUERTO,2019-01-01,2024-12-31,37.8075,-1.1280555555555556,0
552,7023X,FUENTE ÁLAMO DE MURCIA,2019-01-01,2024-12-31,37.72638888888889,-1.1672222222222224,0
553,7026X,TORRE-PACHECO,2017-01-01,2024-12-31,37.73888888888889,-0.9675,4
554,7031,SAN JAVIER AEROPUERTO,2019-01-01,2024-12-31,37.78888888888888,-0.8033333333333333,4
555,7031X,SAN JAVIER AEROPUERTO,2019-01-01,2024-12-31,37.77833333333333,-0.8058333333333334,4
556,7066Y,"YESTE, EMBALSE FUENSANTA",2019-01-01,2024-12-31,38.39333333333333,-2.218888888888889,0
557,7067Y,NERPIO,2019-01-01,2024-12-31,38.08833333333334,-2.413055555555556,0
558,7072Y,YESTE,2016-07-02,2024-12-31,38.295,-2.2938888888888886,0
559,7080X,MORATALLA,2016-01-01,2024-12-31,38.26833333333333,-1.986388888888889,0
560,7096B,HELLÍN,2016-01-01,2024-12-31,38.54194444444444,-1.7030555555555555,0
561,7103Y,TOBARRA,2016-01-01,2024-12-31,38.58805555555556,-1.6894444444444443,0
562,7119B,CARAVACA DE LA CRUZ,2016-01-01,2024-12-31,38.10305555555556,-1.8772222222222223,0
563,7121A,CALASPARRA,2016-01-01,2024-12-31,38.23416666666667,-1.702222222222222,0
564,7127X,BULLAS,2016-01-01,2024-12-31,38.049166666666665,-1.695277777777778,0
565,7138B,JUMILLA,2016-01-01,2024-12-31,38.45888888888889,-1.3352777777777778,0
566,7145D,CIEZA,2016-01-01,2024-12-31,38.23277777777778,-1.3805555555555555,0
567,7158X,ARCHENA,2016-01-01,2024-12-31,38.12805555555556,-1.3058333333333334,0
568,7172X,MULA,2016-01-01,2024-12-31,38.04138888888889,-1.4491666666666667,0
569,7178I,MURCIA,2016-01-01,2024-12-31,38.00194444444445,-1.1708333333333334,0
570,7195X,"CARAVACA DE LA CRUZ, LOS ROYOS",2016-01-01,2024-12-31,37.92611111111111,-2.058333333333333,0
571,7203A,"LORCA, ZARCILLA DE RAMOS",2016-01-01,2024-12-31,37.844722222222224,-1.8697222222222225,0
572,7209,LORCA,2016-01-01,2024-12-31,37.65472222222222,-1.6872222222222222,0
573,7211B,PUERTO LUMBRERAS,2016-01-01,2024-12-31,37.56805555555556,-1.797222222222222,0
574,7218Y,TOTANA,2019-04-24,2024-12-31,37.75861111111111,-1.5127777777777778,0
575,7227X,ALHAMA DE MURCIA,2016-01-01,2024-12-31,37.861666666666665,-1.334722222222222,0
576,7228,"ALCANTARILLA, BASE AÉREA",2016-01-01,2024-12-31,37.95777777777778,-1.228611111111111,0
577,7237E,MOLINA DE SEGURA,2016-01-01,2024-12-31,38.138888888888886,-1.158611111111111,0
578,7244X,ORIHUELA,2016-01-01,2024-12-31,38.06777777777778,-0.9813888888888888,0
579,7247X,EL PINÓS/PINOSO,2016-01-01,2024-12-31,38.39972222222222,-1.0380555555555555,0
580,7250C,ABANILLA,2016-01-01,2024-12-31,38.19444444444444,-1.033888888888889,0
581,7261X,ROJALES,2016-01-01,2024-12-31,38.08805555555556,-0.7152777777777777,4
582,7275C,YECLA,2016-01-01,2023-12-31,38.60166666666667,-1.159722222222222,0
583,8005X,FONTANARS DELS ALFORINS,2017-06-01,2024-07-01,38.78,-0.7958333333333333,0
584,8008Y,VILLENA,2016-01-01,2023-12-31,38.57694444444445,-0.8655555555555555,0
585,8013X,NOVELDA,2016-01-01,2023-12-31,38.38555555555556,-0.7577777777777778,0
586,8018X,ELX/ELCHE,2016-01-01,2023-12-31,38.2875,-0.6805555555555555,0
587,8019,ALICANTE-ELCHE AEROPUERTO,2016-01-01,2022-12-31,38.282777777777774,-0.5708333333333333,0
588,8025,ALACANT/ALICANTE,2016-01-01,2023-07-02,38.3725,-0.4941666666666666,0
589,8036Y,BENIDORM,2016-01-01,2022-12-31,38.54361111111111,-0.1377777777777777,0
590,8050X,JÁVEA/ XÀBIA,2016-01-01,2024-12-31,38.78416666666666,0.1666666666666666,0
591,8057C,PEGO,2016-01-01,2024-12-31,38.84666666666667,-0.1183333333333333,0
592,8058X,OLIVA,2016-01-01,2022-06-05,38.928888888888885,-0.0958333333333333,4
593,8058Y,MIRAMAR,2016-01-01,2024-12-31,38.95027777777778,-0.1377777777777777,4
594,8059C,ALCOI/ALCOY,2016-01-01,2024-07-01,38.71083333333333,-0.46,0
595,8072Y,BARX,2016-01-01,2024-12-31,39.01694444444444,-0.3047222222222222,2
596,8084Y,PANTANO DE LA TOBA (AUTOMATICA),2016-01-01,2024-12-31,40.2225,-1.9258333333333333,0
597,8096,CUENCA,2016-01-01,2024-12-31,40.06722222222223,-2.1319444444444446,0
598,8155Y,MOTILLA DEL PALANCAR,2016-01-01,2024-12-31,39.555277777777775,-1.9152777777777776,0
599,8175,ALBACETE BASE AÉREA,2016-01-01,2024-12-31,38.95416666666667,-1.856388888888889,0
600,8177A,CHINCHILLA,2016-01-01,2024-12-31,38.9375,-1.6588888888888889,0
601,8178D,ALBACETE,2016-01-01,2023-12-31,39.00555555555555,-1.8622222222222224,0
602,8193E,JALANCE,2016-01-01,2024-07-01,39.208333333333336,-1.0944444444444443,0
603,8198Y,ALMANSA,2016-01-01,2023-12-31,38.85055555555556,-1.0630555555555556,0
604,8203O,ZARRA,2016-01-11,2023-12-31,39.08277777777778,-1.100833333333333,0
605,8210Y,SALVACAÑETE,2016-01-01,2024-07-01,40.10305555555556,-1.503611111111111,0
606,8245Y,MIRA,2016-01-01,2024-10-29,39.714444444444446,-1.4425,0
607,8270X,BICORP,2016-01-01,2024-12-31,39.13361111111111,-0.79,0
608,8283X,ONTINYENT,2016-01-01,2023-12-31,38.82944444444445,-0.6077777777777778,0
609,8293X,XÀTIVA,2016-01-01,2024-07-01,39.001666666666665,-0.5230555555555556,0
610,8300X,CARCAIXENT,2016-01-01,2024-07-01,39.11333333333334,-0.4458333333333333,0
611,8309X,UTIEL,2016-01-01,2024-12-31,39.57555555555556,-1.2447222222222225,0
612,8325X,POLINYÀ DE XÚQUER,2016-01-01,2024-07-01,39.18472222222222,-0.3719444444444444,0
613,8337X,TURÍS,2016-01-01,2024-12-31,39.39222222222222,-0.6247222222222223,0
614,8354X,ALBARRACÍN,2016-01-01,2024-07-01,40.41972222222222,-1.4413888888888888,0
615,8368U,TERUEL,2016-01-01,2024-12-31,40.35083333333333,-1.1241666666666668,0
616,8376,JABALOYAS,2016-01-01,2024-12-31,40.23611111111112,-1.4116666666666666,0
617,8381X,ADEMUZ,2016-01-01,2024-12-31,40.06055555555555,-1.283611111111111,0
618,8395X,CHELVA,2016-01-01,2024-12-31,39.75333333333333,-0.9936111111111112,0
619,8409X,LLÍRIA,2016-01-01,2024-12-31,39.66388888888888,-0.653888888888889,0
620,8414A,VALENCIA AEROPUERTO,2016-01-01,2024-12-31,39.485,-0.4747222222222222,0
621,8416,VALÈNCIA,2016-01-01,2024-12-31,39.480555555555554,-0.3663888888888889,0
622,8416X,"VALENCIA, UPV",2016-01-01,2024-12-31,39.47944444444445,-0.3372222222222222,4
623,8416Y,"VALÈNCIA, VIVEROS",2016-01-01,2024-12-31,39.480555555555554,-0.3663888888888889,4
624,8439X,SEGORBE,2016-01-01,2024-12-31,39.79555555555555,-0.4852777777777778,0
625,8446Y,SAGUNT/SAGUNTO,2017-01-01,2024-12-31,39.700833333333335,-0.2588888888888889,4
626,8458X,CEDRILLAS,2017-01-01,2024-12-31,40.43055555555555,-0.8494444444444444,0
627,8472A,MONTANEJOS,2017-01-01,2024-12-31,40.08777777777778,-0.5469444444444445,0
628,8486X,MOSQUERUELA,2017-01-01,2024-12-31,40.3625,-0.4544444444444444,2
629,8489X,VILLAFRANCA DEL CID/VILAFRANCA,2016-01-01,2024-12-31,40.43333333333333,-0.2555555555555555,2
630,8492X,ATZENETA DEL MAESTRAT,2017-01-01,2024-12-31,40.227222222222224,-0.1697222222222222,0
631,8500A,CASTELLÓ - ALMASSORA,2016-01-01,2024-12-31,39.95722222222223,-0.0719444444444444,0
632,8501,CASTELLÓ DE LA PLANA,2022-01-01,2024-12-31,39.98916666666667,-0.0322222222222222,0
633,8503Y,TORREBLANCA,2016-01-01,2024-12-31,40.21138888888889,0.183611111111111,0
634,8520X,LA POBLA DE BENIFASSÀ-FREDES,2016-01-01,2024-12-31,40.69361111111111,0.1652777777777777,2
635,8523X,VINARÒS,2016-01-01,2019-12-31,40.55416666666667,0.4297222222222222,0
636,9001D,REINOSA,2016-01-01,2024-12-31,42.99194444444444,-4.160555555555556,2
637,9001S,ALTO CAMPOO,2016-01-01,2024-12-31,43.03666666666666,-4.374444444444444,1
638,9012E,SANTA GADEA DE ALFOZ,2016-01-01,2024-12-31,42.95138888888889,-3.957222222222222,2
639,9016X,"VALDERREDIBLE, CUBILLO DE EBRO",2016-01-01,2024-12-31,42.80972222222222,-4.032222222222222,2
640,9019B,"VALDERREDIBLE, POLIENTES   ",2016-01-01,2024-12-31,42.80611111111111,-3.933888888888889,2
641,9027X,SARGENTES DE LA LORA,2016-01-01,2023-05-13,42.746944444444445,-3.8844444444444446,2
642,9031C,BRIVIESCA,2016-01-01,2024-12-31,42.559444444444445,-3.3088888888888888,2
643,9051,MEDINA DE POMAR,2016-01-01,2024-12-31,42.92,-3.4827777777777778,2
644,9060X,LALASTRA,2016-01-01,2024-12-31,42.875277777777775,-3.231666666666667,2
645,9069C,MIRANDA DE EBRO,2016-01-01,2024-12-31,42.68722222222222,-2.960555555555556,0
646,9073X,"AGURAIN/SALVATIERRA, OPAKUA",2016-01-01,2024-12-31,42.82972222222222,-2.3597222222222225,2
647,9091O,FORONDA-TXOKIZA,2016-01-01,2024-12-31,42.88194444444444,-2.735,2
648,9091R,VITORIA-GASTEIZ AEROPUERTO,2016-01-01,2024-12-31,42.871944444444445,-2.7327777777777778,2
649,9111,BELORADO,2016-01-01,2024-12-31,42.42111111111111,-3.1702777777777778,0
650,9115X,VALDEZCARAY,2016-01-01,2024-07-01,42.255,-2.968055555555556,1
651,9121X,HARO,2016-01-01,2024-12-31,42.57527777777778,-2.854722222222222,2
652,9122I,LABASTIDA,2016-01-01,2024-12-31,42.60388888888889,-2.7766666666666664,2
653,9136X,"ANGUIANO, VALVANERA",2016-01-01,2024-12-31,42.23083333333334,-2.871111111111111,2
654,9141V,NÁJERA,2016-01-01,2024-12-31,42.41388888888888,-2.7266666666666666,0
655,9145X,LEZA,2016-01-01,2024-12-31,42.56722222222223,-2.6327777777777777,2
656,9145Y,CENICERO,2019-01-01,2024-12-31,42.48277777777778,-2.6394444444444445,0
657,9170,"LOGROÑO, AEROPUERTO",2016-01-01,2024-12-31,42.45222222222223,-2.331111111111111,0
658,9171K,LOS ARCOS,2016-01-01,2024-12-31,42.57027777777778,-2.1838888888888888,0
659,9178X,CAMPEZO/KANPEZU,2016-07-02,2024-12-31,42.67055555555555,-2.3461111111111115,2
660,9188,ENCISO,2016-01-01,2024-12-31,42.14944444444444,-2.273333333333333,0
661,9195C,ASTÚN- LA RACA,2021-10-25,2024-12-31,42.793055555555554,-0.5052777777777778,1
662,9198X,CANFRANC,2016-01-01,2024-12-31,42.74944444444444,-0.5161111111111111,1
663,9201K,JACA,2016-01-01,2022-12-31,42.57888888888889,-0.5469444444444445,0
664,9201X,JACA,2024-01-01,2024-12-31,42.57972222222222,-0.545,2
665,9207,"VALLE DE HECHO, HECHO",2016-01-01,2024-12-31,42.74055555555556,-0.7505555555555555,2
666,9208E,ARAGÜÉS DEL PUERTO,2016-01-01,2024-12-31,42.70861111111111,-0.6727777777777777,2
667,9211F,"BAILO, PUYALTO",2016-01-01,2024-12-31,42.51416666666667,-0.8172222222222222,0
668,9218A,ISABA/IZABA,2016-01-01,2024-12-31,42.8625,-0.9247222222222222,2
669,9228J,OROZ-BETELU/OROTZ-BETELU,2016-01-01,2024-12-31,42.89611111111111,-1.300277777777778,2
670,9228T,RONCESVALLES/ORREAGA,2016-01-01,2024-12-31,43.007777777777775,-1.3255555555555556,5
671,9238X,NAVASCUÉS/NABASKOZE,2016-01-01,2024-12-31,42.7175,-1.1172222222222223,2
672,9244X,SOS DEL REY CATÓLICO,2016-01-01,2023-07-02,42.490833333333335,-1.2133333333333334,0
673,9245X,CÁSEDA,2016-01-01,2023-12-31,42.521388888888886,-1.3663888888888889,0
674,9252X,OLITE/ERRIBERRI,2016-01-01,2024-07-01,42.48916666666667,-1.6555555555555554,0
675,9257X,"ESTERIBAR, EMBALSE DE EUGI",2016-01-01,2023-12-31,42.97055555555556,-1.5169444444444444,5
676,9262,PAMPLONA,2016-01-01,2023-12-31,42.81777777777778,-1.6383333333333332,2
677,9262P,MONREAL/ELO,2016-01-01,2023-12-31,42.70111111111111,-1.4955555555555555,2
678,9263D,"PAMPLONA, AEROPUERTO",2016-01-01,2023-12-31,42.776944444444446,-1.65,0
679,9263X,"ARANGUREN, ILUNDAIN  ",2016-01-01,2024-12-31,42.77611111111111,-1.5325,2
680,9274X,IRURTZUN,2016-01-01,2023-12-31,42.91888888888889,-1.835,2
681,9280B,LARRAGA,2016-01-01,2024-12-31,42.54944444444444,-1.8575,0
682,9283X,CADREITA,2016-01-02,2016-12-31,42.206944444444446,-1.7113888888888888,0
683,9287A,SAN PEDRO MANRIQUE,2016-01-01,2024-12-31,42.02638888888889,-2.230833333333333,0
684,9293X,"ALFARO, LA PLANA",2021-02-26,2024-12-31,42.17611111111111,-1.743888888888889,0
685,9294E,"BARDENAS REALES, BASE AÉREA",2016-01-01,2024-12-31,42.19861111111111,-1.475277777777778,0
686,9299X,TARAZONA,2016-01-01,2024-12-31,41.915,-1.7233333333333334,0
687,9301X,MONTEAGUDO,2016-01-01,2024-12-31,41.95888888888889,-1.6905555555555556,0
688,9302Y,TUDELA,2016-01-01,2024-12-31,42.05555555555555,-1.6094444444444445,0
689,9321X,EJEA DE LOS CABALLEROS,2016-01-01,2024-10-23,42.12111111111111,-1.1397222222222223,0
690,9336D,CASTEJON DE VALDEJASA,2016-01-01,2024-12-31,41.98416666666667,-0.9958333333333332,0
691,9344C,ARCOS DE JALÓN,2016-01-01,2024-12-31,41.21638888888889,-2.293055555555556,0
692,9352A,ALMAZUL,2016-01-01,2024-12-31,41.57472222222223,-2.140277777777778,0
693,9354X,ALHAMA DE ARAGON,2016-01-01,2024-12-31,41.293055555555554,-1.8952777777777776,0
694,9374X,SANTA EULALIA DEL CAMPO,2016-01-01,2024-12-31,40.56666666666667,-1.3208333333333333,0
695,9377Y,EL PEDREGAL,2016-01-01,2024-07-01,40.77861111111111,-1.5683333333333334,0
696,9381I,CALAMOCHA,2016-01-01,2024-12-31,40.92611111111111,-1.2933333333333332,0
697,9390,DAROCA,2016-01-01,2022-12-31,41.114444444444445,-1.41,0
698,9394X,CALATAYUD,2016-01-01,2022-12-31,41.33111111111111,-1.6452777777777778,0
699,9427X,LA ALMUNIA DE DOÑA GODINA,2016-01-01,2022-12-31,41.48111111111111,-1.3808333333333334,0
700,9434,"ZARAGOZA, AEROPUERTO",2016-01-01,2022-12-31,41.660555555555554,-1.0041666666666669,0
701,9434P,"ZARAGOZA, VALDESPARTERA",2016-01-01,2022-12-31,41.62111111111111,-0.9347222222222222,0
702,9436X,FONFRÍA,2016-01-01,2022-12-31,40.99527777777778,-1.0875,0
703,9445L,"FORMIGAL, SARRIOS",2022-01-01,2022-12-31,42.7625,-0.3927777777777778,1
704,9451F,"PANTICOSA, PETROSOS",2019-11-28,2022-12-31,42.70444444444445,-0.2752777777777778,1
705,9453X,"BIESCAS, EMBALSE DE BÚBAL",2016-01-01,2022-12-31,42.69916666666666,-0.3188888888888889,2
706,9460X,SABIÑÁNIGO,2016-01-01,2022-12-31,42.51277777777778,-0.3555555555555555,0
707,9491X,ALMUDÉVAR,2016-01-01,2022-12-31,42.02944444444445,-0.5858333333333333,0
708,9495Y,LECIÑENA,2017-01-01,2022-12-31,41.79666666666667,-0.6172222222222222,0
709,9501X,VALMADRID ,2017-01-01,2019-12-31,41.44305555555555,-0.8858333333333333,0
710,9510X,QUINTO,2017-01-01,2022-12-31,41.42916666666667,-0.5038888888888889,0
711,9513X,MUNIESA,2017-01-01,2019-12-31,41.03111111111111,-0.8055555555555556,0
712,9531Y,MONTALBÁN,2017-01-01,2019-12-31,40.82861111111112,-0.7927777777777778,0
713,9546B,HIJAR,2017-01-01,2024-12-31,41.17194444444444,-0.4419444444444445,0
714,9550C,"ANDORRA, HORCALLANA",2017-01-01,2019-12-31,40.97444444444445,-0.4077777777777778,0
715,9561X,CASTELLOTE,2017-01-01,2019-12-31,40.79833333333333,-0.3152777777777777,0
716,9562X,MORELLA,2017-01-01,2019-12-31,40.62166666666667,-0.1019444444444444,0
717,9563X,CASTELLFORT,2017-01-01,2019-12-31,40.49861111111111,-0.1866666666666666,0
718,9569A,CALANDA,2017-01-01,2019-12-31,40.946666666666665,-0.2377777777777777,0
719,9573X,ALCAÑIZ,2017-01-01,2024-07-01,41.05805555555556,-0.1416666666666666,0
720,9574B,"CASPE, PLANA DEL PILÓN",2018-06-11,2023-12-31,41.2425,-0.0686111111111111,0
721,9576C,BUJARALOZ,2017-01-01,2018-06-06,41.52194444444444,-0.1741666666666666,0
722,9585,LA MOLINA,2017-01-01,2023-12-31,42.3325,1.9394444444444443,2
723,9590,MARTINET  ,2017-07-03,2023-12-31,42.36222222222222,1.6933333333333334,0
724,9590D,CAP DE REC,2017-01-01,2023-12-31,42.430277777777775,1.6674999999999998,1
725,9619,LA SEU D'URGELL,2018-01-01,2023-12-31,42.35472222222222,1.4627777777777775,0
726,9632X,TUIXENT,2017-07-03,2023-12-31,42.23027777777778,1.5694444444444444,2
727,9638D,COLL DE NARGÓ,2017-01-01,2023-12-31,42.15444444444445,1.3119444444444446,0
728,9647X,TORÀ,2017-01-01,2023-12-31,41.80583333333333,1.3955555555555554,0
729,9650X,ARTESA DE SEGRE,2016-07-02,2023-12-31,41.88138888888889,1.1086111111111112,0
730,9657X,ESTERRI D'ÀNEU,2016-01-01,2023-12-31,42.625,1.126111111111111,0
731,9660,SANT MAURICI (LLAC),2016-01-01,2023-12-31,42.58083333333334,1.0075,1
732,9677,PORT AINÉ,2017-01-01,2023-12-31,42.41,1.2147222222222225,1
733,9689X,TORRE DE CABDELLA ,2016-01-01,2023-12-31,42.46638888888889,0.9908333333333332,2
734,9698U,TALARN,2016-01-01,2023-12-31,42.20472222222222,0.8647222222222222,0
735,9707,LLIMIANA,2016-01-01,2023-12-31,42.066944444444445,0.9072222222222224,0
736,9718X,TORDERA - GRANYANELLA,2017-01-24,2023-12-31,41.68111111111111,1.2230555555555558,0
737,9720X,TÀRREGA,2016-01-01,2019-11-13,41.65055555555556,1.1494444444444445,0
738,9724X,OS DE BALAGUER,2016-07-02,2023-12-31,41.873333333333335,0.7561111111111111,0
739,9726E,LLORAC,2017-01-01,2024-12-31,41.55722222222222,1.3094444444444444,0
740,9729X,MOLLERUSSA,2017-01-01,2024-12-31,41.61694444444444,0.8666666666666667,0
741,9744B,VALL DE BOÍ,2016-07-02,2024-12-29,42.50333333333333,0.7988888888888889,2
742,9751,SOPEIRA,2016-01-01,2024-12-31,42.31861111111112,0.7469444444444444,2
743,9756X,BENABARRE,2017-01-01,2024-12-31,42.1125,0.48,0
744,9771C,LLEIDA,2017-01-01,2024-12-31,41.62611111111112,0.5980555555555556,0
745,9772X,LA POBLA DE CÉRVOLES,2018-01-01,2024-12-31,41.36611111111111,0.9136111111111112,0
746,9775X,EL SOLERÀS,2017-01-01,2024-12-31,41.41361111111111,0.6783333333333333,0
747,9776D,ELS TORMS,2017-01-01,2024-12-31,41.39333333333333,0.7341666666666666,0
748,9784P,BIELSA,2017-01-01,2024-12-31,42.63,0.2247222222222222,2
749,9808X,"AÍNSA-SOBRARBE, LA SERRETA",2017-01-01,2024-12-31,42.42166666666667,0.1380555555555555,0
750,9812M,"PARADOR DE ORDESA, PARQUE NACIONAL ORDESA Y MONTEPERDIDO",2023-02-02,2024-12-31,42.655277777777776,-0.0991666666666666,2
751,9814I,"TORLA-ORDESA, EL CEBOLLAR",2019-11-13,2024-12-31,42.65611111111111,-0.1244444444444444,1
752,9814X,TORLA - ORDESA,2017-07-03,2024-12-31,42.6375,-0.1119444444444444,2
753,9838B,BENASQUE,2017-01-01,2024-12-31,42.59944444444445,0.5205555555555557,2
754,9839V,"CERLER, COGULLA",2019-11-14,2024-12-31,42.555,0.5430555555555555,1
755,9843A,SEIRA,2017-01-01,2024-12-31,42.47694444444445,0.4341666666666667,2
756,9855E,"CAPELLA, LAGUARRES",2017-01-01,2024-12-31,42.20138888888889,0.4661111111111111,0
757,9866C,BARBASTRO,2017-01-01,2024-12-31,42.021388888888886,0.1405555555555555,0
758,9894Y,SARIÑENA,2017-01-01,2024-12-31,41.799166666666665,-0.1608333333333333,0
759,9898,"HUESCA, AEROPUERTO",2017-01-01,2024-12-31,42.08444444444444,-0.3255555555555555,0
760,9901X,HUESCA,2017-01-01,2024-12-31,42.138888888888886,-0.395,0
761,9908X,LANAJA,2017-01-01,2024-12-31,41.77388888888889,-0.3330555555555555,0
762,9911X,BALLOBAR,2017-01-01,2024-12-31,41.61944444444445,0.1877777777777777,0
763,9918Y,"TAMARITE DE LITERA, LA MELUSA",2017-01-01,2024-12-31,41.78083333333333,0.3769444444444444,0
764,9924X,FRAGA,2018-01-01,2024-12-31,41.52472222222222,0.3555555555555555,0
765,9935X,VALDERROBRES,2018-01-01,2024-12-31,40.873333333333335,0.1463888888888889,0
766,9946X,HORTA DE SANT JOAN,2016-01-01,2024-12-31,40.95305555555556,0.3116666666666666,0
767,9947X,LA POBLA DE MASSALUCA,2016-01-01,2024-12-31,41.17722222222222,0.3533333333333333,0
768,9961X,CABACÉS,2016-01-01,2024-12-31,41.24944444444444,0.7352777777777777,0
769,9975X,RASQUERA,2016-01-01,2024-12-31,41.005,0.6136111111111111,0
770,9981A,ESTACIÓN DE TORTOSA (ROQUETES),2016-01-01,2024-12-31,40.82027777777778,0.4933333333333333,0
771,9987P,SANT JAUME D'ENVEJA,2016-01-07,2016-12-31,40.69916666666666,0.81,4
772,9988B,CAP DE VAQUÈIRA,2020-09-04,2024-12-31,42.69194444444444,0.9738888888888888,1
773,9990X,"NAUT ARAN, ARTIES ",2016-01-01,2024-12-31,42.70027777777778,0.8769444444444445,2
774,9994X,BOSSÒST,2016-01-01,2024-12-31,42.77611111111111,0.6897222222222222,2
775,9995Y,VALCARLOS/LUZAIDE,2016-01-01,2024-12-31,43.09111111111111,-1.3008333333333333,5
776,9998X,BELLO,2016-01-01,2024-12-31,40.921388888888885,-1.4944444444444445,0
777,B013X,"ESCORCA, LLUC",2016-01-01,2025-06-11,39.82333333333334,2.8858333333333333,2
778,B051A,"SÓLLER, PUERTO",2021-01-01,2025-06-11,39.79555555555555,2.691388888888889,4
779,B087X,BANYALBUFAR,2016-01-01,2025-06-11,39.689166666666665,2.512777777777778,4
780,B103B,ANDRATX - SANT ELM,2020-01-01,2025-06-11,39.57944444444445,2.368888888888889,4
781,B158X,"CALVIÀ, ES CAPDELLÀ",2016-01-01,2025-06-11,39.55138888888889,2.466388888888889,4
782,B228,"PALMA, PUERTO",2016-01-01,2025-06-11,39.55416666666667,2.625277777777778,4
783,B236C,"PALMA, UNIVERSITAT",2016-01-01,2025-06-11,39.64222222222222,2.6438888888888887,4
784,B248,"SIERRA DE ALFABIA, BUNYOLA",2016-01-01,2025-06-11,39.735,2.713055555555556,2
785,B275E,"SON BONET, AEROPUERTO",2021-07-10,2025-06-11,39.60583333333334,2.706666666666667,0
786,B278,"PALMA DE MALLORCA, AEROPUERTO",2016-01-01,2025-06-11,39.56083333333333,2.736666666666667,4
787,B301,"LLUCMAJOR, CAP BLANC",2016-01-01,2025-06-11,39.37972222222222,2.785,4
788,B334X,LLUCMAJOR,2016-01-01,2025-06-11,39.49555555555556,2.8916666666666666,0
789,B341X,PORRERES,2022-07-26,2025-06-11,39.50611111111111,3.0055555555555555,4
790,B346X,PORRERES,2016-01-01,2022-07-25,39.52166666666667,3.0191666666666666,0
791,B362X,"CAMPOS, CAN SION",2016-01-01,2024-12-31,39.40583333333333,3.0641666666666665,4
792,B373X,"CAMPOS, SALINES LLEVANT",2016-01-01,2023-12-31,39.35111111111111,3.0119444444444445,4
793,B398A,"CABRERA, PARQUE NACIONAL DE CABRERA",2016-01-01,2023-12-31,39.13555555555556,2.936666666666667,4
794,B410B,SANTANYÍ,2016-01-01,2023-12-31,39.34,3.145833333333333,4
795,B434X,PORTOCOLOM  ,2016-01-05,2023-12-31,39.41444444444444,3.2716666666666665,4
796,B496X,SON SERVERA,2016-01-01,2023-12-31,39.63027777777778,3.383611111111111,4
797,B526X,ARTÀ,2016-07-02,2023-12-31,39.68861111111111,3.351111111111112,4
798,B569X,CAPDEPERA,2016-01-01,2023-12-31,39.71666666666667,3.478055555555556,4
799,B603X,ARTÀ-COLÒNIA DE SANT PERE,2016-01-01,2024-12-31,39.723055555555554,3.278611111111111,2
800,B605X,"MURO, S'ALBUFERA",2016-01-01,2024-12-31,39.79666666666667,3.104722222222222,4
801,B614E,MANACOR,2016-01-01,2024-12-31,39.55694444444444,3.217777777777778,4
802,B640X,PETRA,2021-02-13,2023-12-31,39.61638888888889,3.121111111111111,0
803,B644B,SINEU,2016-01-01,2023-12-31,39.64333333333333,3.002222222222222,0
804,B656A,SANTA MARÍA DEL CAMÍ,2016-01-01,2024-07-01,39.6525,2.8002777777777776,0
805,B662X,BINISSALEM,2016-01-01,2023-12-31,39.67805555555555,2.8738888888888887,0
806,B684A,"ESCORCA, SON TORRELLA",2016-01-01,2024-12-31,39.79277777777778,2.787777777777777,2
807,B691,LA PUEBLA (SA CANOVA),2016-01-01,2024-12-31,39.748333333333335,3.015277777777778,2
808,B691Y,SA POBLA,2016-01-01,2024-12-31,39.74916666666667,3.0166666666666666,0
809,B760X,POLLENÇA,2016-01-01,2024-12-31,39.87694444444445,3.0241666666666664,2
810,B780X,PORT DE POLLENÇA,2016-01-01,2024-12-31,39.909444444444446,3.100277777777778,4
811,B800X,"LA MOLA, MAÓ",2016-01-01,2024-12-31,39.87611111111112,4.323888888888889,4
812,B825B,ES MERCADAL,2016-01-01,2024-12-31,39.99055555555556,4.086388888888888,4
813,B860X,CIUTADELLA,2016-01-01,2024-12-31,39.99277777777778,3.853888888888889,4
814,B870C,"CIUTADELLA, CALA GALDANA",2016-01-01,2024-12-31,39.94472222222222,3.956666666666667,4
815,B893,"MENORCA, AEROPUERTO",2016-01-01,2024-12-31,39.85472222222222,4.215555555555556,4
816,B908X,SANT JOAN DE LABRITJA,2016-01-01,2024-12-31,39.05611111111111,1.4925000000000002,4
817,B925,SANT ANTONI DE PORTMANY,2020-01-01,2024-12-31,38.96305555555556,1.321388888888889,4
818,B954,"IBIZA, AEROPUERTO",2016-01-01,2024-12-31,38.87638888888889,1.3844444444444444,4
819,B957,EIVISSA,2016-01-01,2024-12-31,38.922777777777775,1.4413888888888888,4
820,B986,FORMENTERA,2016-01-01,2024-12-31,38.69361111111111,1.463611111111111,4
821,C018J,TÍAS,2016-01-01,2024-12-31,28.96972222222222,-13.690277777777778,3
822,C019V,YAIZA PLAYA BLANCA,2016-01-01,2024-12-31,28.85888888888889,-13.835,3
823,C029O,LANZAROTE AEROPUERTO,2016-01-01,2024-12-31,28.951944444444443,-13.600277777777777,3
824,C038N,HARÍA,2016-01-01,2024-12-31,29.14361111111111,-13.489166666666666,3
825,C048W,TINAJO,2016-01-01,2024-12-31,29.0425,-13.680833333333332,3
826,C101A,ROQUE DE LOS MUCHACHOS,2020-01-01,2024-12-31,28.75583333333333,-17.89527777777778,1
827,C117A,PUNTAGORDA,2016-01-01,2024-12-31,28.760555555555555,-17.985555555555557,3
828,C117Z,TIJARAFE,2017-01-01,2025-06-11,28.674722222222226,-17.936666666666667,3
829,C126A,EL PASO,2017-01-01,2025-06-11,28.653888888888886,-17.853055555555557,3
830,C129V,FUENCALIENTE,2017-01-01,2025-06-11,28.455,-17.84111111111111,3
831,C129Z,TAZACORTE,2017-01-01,2025-06-11,28.59583333333333,-17.915277777777778,3
832,C139E,LA PALMA AEROPUERTO,2017-01-01,2025-06-11,28.63305555555556,-17.755,3
833,C148F,SAN ANDRÉS Y SAUCES,2017-01-01,2025-06-11,28.804722222222225,-17.78222222222222,3
834,C229J,PÁJARA,2016-01-01,2025-06-11,28.049166666666668,-14.358055555555556,3
835,C239N,"TUINEJE,PUERTO GRAN TARAJAL",2016-01-01,2025-06-11,28.20861111111111,-14.023055555555556,3
836,C248E,ANTIGUA,2017-01-01,2025-06-11,28.416944444444447,-14.019166666666669,3
837,C249I,FUERTEVENTURA AEROPUERTO,2016-01-01,2025-06-11,28.44472222222222,-13.863055555555556,3
838,C258K,LA OLIVA,2016-01-01,2025-06-11,28.6125,-13.931666666666668,3
839,C314Z,"VALLEHERMOSO, ALTO IGUALERO  ",2016-01-01,2024-12-31,28.106944444444444,-17.249166666666667,1
840,C316I,ARURE,2018-08-07,2025-06-11,28.12833333333333,-17.315,3
841,C317B,AGULO,2016-01-01,2025-06-11,28.17888888888889,-17.213055555555556,3
842,C319W,"VALLEHERMOSO, DAMA",2016-01-01,2024-12-31,28.054166666666667,-17.30638888888889,3
843,C328W,HERMIGUA,2016-01-01,2024-12-31,28.16361111111111,-17.194166666666668,3
844,C329B,"LA GOMERA, AEROPUERTO",2016-01-01,2024-12-31,28.031666666666663,-17.210833333333333,3
845,C329Z,SAN SEBASTIÁN DE LA GOMERA,2016-01-01,2024-12-31,28.08972222222222,-17.11138888888889,3
846,C406G,"LA OROTAVA, CAÑADAS TEIDE",2016-01-01,2024-12-22,28.224166666666665,-16.62611111111111,1
847,C412N,CITFAGRO_89_CHAVAO,2016-01-01,2024-12-31,28.21972222222222,-16.705277777777777,1
848,C415A,CITFAGRO_64_HOYOS,2016-01-01,2024-12-31,28.30527777777778,-16.805555555555557,3
849,C417J,CITFAGRO_74_CHIO,2016-01-01,2024-12-31,28.23333333333333,-16.789166666666667,3
850,C418I,CITFAGRO_05_GUIAISO1,2016-01-01,2024-12-31,28.21444444444444,-16.789722222222224,3
851,C418L,CITFAGRO_76_POZO,2016-01-01,2024-12-31,28.20027777777777,-16.763055555555557,3
852,C419L,LOMO DEL BALO,2018-07-19,2024-12-31,28.20694444444444,-16.791944444444447,3
853,C419X,ADEJE,2016-01-01,2024-12-31,28.08138888888889,-16.710555555555555,3
854,C422A,CITFAGRO_94_LOSTOPOS,2016-01-01,2024-12-31,28.17194444444445,-16.65138888888889,1
855,C423R,CITFAGRO_90_PICACHO,2016-01-01,2024-12-31,28.224166666666665,-16.52111111111111,1
856,C426E,CITFAGRO_13_VILAFLOR,2016-01-01,2024-12-31,28.144166666666667,-16.628055555555555,1
857,C426I,CITFAGRO_77_PINAL,2016-01-01,2024-12-31,28.126944444444444,-16.605833333333333,3
858,C426R,CITFAGRO_09_HELECHO,2016-01-01,2024-12-31,28.216944444444444,-16.490555555555556,3
859,C428T,ARICO,2016-01-01,2024-12-31,28.180833333333336,-16.48333333333333,3
860,C428U,CITFAGRO_01_ARICO,2016-01-01,2024-12-31,28.13111111111111,-16.472499999999997,3
861,C429I,TENERIFE SUR AEROPUERTO,2016-01-01,2024-12-31,28.04694444444445,-16.561111111111114,3
862,C430E,IZAÑA,2016-01-01,2024-12-31,28.308333333333334,-16.499722222222225,1
863,C436I,CITFAGRO_54_TOPONEGRO,2016-01-01,2024-12-31,28.32638888888889,-16.405555555555555,3
864,C436L,CITFAGRO_96_ARAYA,2016-01-01,2024-12-31,28.370555555555555,-16.3975,3
865,C437E,CITFAGRO_81_MENA,2016-01-01,2024-12-31,28.26972222222222,-16.419722222222223,3
866,C438N,CANDELARIA,2016-01-01,2024-12-31,28.359166666666667,-16.401666666666664,3
867,C439J,GÜÍMAR,2016-01-01,2024-12-31,28.31833333333333,-16.38222222222222,3
868,C446G,"SAN CRISTÓBAL DE LA LAGUNA,LLANO DE LOS LOROS",2016-01-01,2024-12-31,28.52638888888889,-16.280277777777776,3
869,C447A,TENERIFE NORTE AEROPUERTO,2016-01-01,2024-12-31,28.4775,-16.329444444444444,3
870,C448C,CITFAGRO_92_SANTACRUZ,2016-01-01,2024-12-31,28.4625,-16.273333333333333,3
871,C449C,STA.CRUZ DE TENERIFE,2016-01-01,2024-12-31,28.46333333333333,-16.255277777777778,3
872,C449F,ANAGA ,2016-01-01,2024-12-31,28.50805555555556,-16.195555555555554,3
873,C449Q,CITFAGRO_97_TAGANANA,2016-01-01,2024-07-01,28.56,-16.228055555555553,3
874,C453I,CITFAGRO_88_GAITERO,2016-01-01,2024-12-31,28.39472222222222,-16.433333333333334,1
875,C455M,CITFAGRO_87_AGUAMANSA,2016-01-01,2024-12-31,28.361666666666668,-16.496944444444445,3
876,C456E,CITFAGRO_10_RAVELO,2016-01-01,2023-12-31,28.453888888888887,-16.40861111111111,3
877,C456P,CITFAGRO_70_BENIJO,2016-01-01,2023-12-31,28.36138888888889,-16.546666666666667,3
878,C456R,CITFAGRO_69_SUERTE,2016-01-01,2023-12-31,28.372777777777777,-16.541944444444447,3
879,C457E,CITFAGRO_67_MATANZA,2016-01-01,2024-12-30,28.449444444444445,-16.438055555555557,3
880,C457I,LA VICTORIA DE ACENTEJO,2016-01-01,2024-12-31,28.434444444444445,-16.454444444444444,3
881,C458A,TACORONTE,2016-01-01,2024-07-01,28.49638888888889,-16.42,3
882,C458U,CITFAGRO_71_PALOB,2016-07-02,2024-12-31,28.36861111111111,-16.578055555555554,3
883,C459Z,PUERTO DE LA CRUZ,2016-01-01,2024-12-31,28.41805555555556,-16.548333333333336,3
884,C466O,CITFAGRO_91_CUBO,2016-01-01,2024-12-31,28.339166666666664,-16.794444444444448,3
885,C467I,CITFAGRO_73_REDON,2016-01-01,2024-12-31,28.35333333333333,-16.708333333333332,3
886,C468I,CITFAGRO_98_ELDRAGO,2016-01-01,2024-12-31,28.36694444444445,-16.72222222222222,3
887,C468O,CITFAGRO_62_TRIGO,2016-01-01,2025-06-11,28.356944444444444,-16.80138888888889,3
888,C468X,SAN JUAN DE LA RAMBLA,2020-01-01,2025-06-11,28.37305555555556,-16.625833333333333,3
889,C611E,VEGA DE SAN MATEO,2016-01-01,2025-06-11,27.976666666666667,-15.58388888888889,1
890,C612F,"TEJEDA, CRUZ DE TEJEDA",2016-01-01,2025-06-11,28.006944444444443,-15.59888888888889,1
891,C614H,TEJEDA,2017-04-27,2025-06-11,27.995,-15.615833333333333,1
892,C619I,LA ALDEA DE SAN NICOLÁS,2016-01-01,2016-09-15,28.000833333333333,-15.81388888888889,3
893,C619X,AGAETE,2016-01-01,2025-06-11,28.10111111111112,-15.712777777777776,3
894,C619Y,LA ALDEA DE SAN NICOLÁS,2016-01-01,2025-06-11,28.00111111111111,-15.8075,3
895,C623I,"SAN BARTOLOME TIRAJANA, CUEVAS DEL PINAR",2016-01-01,2025-06-11,27.92666666666667,-15.599722222222224,1
896,C625O,"SAN BARTOLOME TIRAJANA, LOMO PEDRO ALFONSO",2016-01-01,2025-06-11,27.856944444444444,-15.645,3
897,C628B,"LA ALDEA DE SAN NICOLÁS, TASARTE",2016-01-01,2025-06-11,27.90888888888889,-15.77,3
898,C629Q,"MOGÁN, PUERTO RICO",2016-01-01,2025-06-11,27.78,-15.71111111111111,3
899,C629X,"MOGÁN, PUERTO",2016-01-01,2025-06-11,27.81638888888889,-15.764166666666666,3
900,C635B,"SAN BARTOLOME TIRAJANA, LAS TIRAJANAS",2016-01-01,2025-06-11,27.92,-15.574166666666668,1
901,C639M,"MASPALOMAS, C. INSULAR TURISMO ",2016-01-01,2024-12-31,27.75805555555556,-15.575555555555557,3
902,C639U,"SAN BARTOLOME TIRAJANA, EL MATORRAL",2016-01-01,2024-12-31,27.8125,-15.453055555555554,3
903,C648C,AGÜIMES,2016-01-01,2024-12-31,27.9025,-15.453888888888889,3
904,C648N,"TELDE, CENTRO FORESTAL DORAMAS",2016-01-01,2024-12-31,27.9875,-15.457777777777777,3
905,C649I,GRAN CANARIA AEROPUERTO,2016-01-01,2024-12-31,27.91777777777778,-15.395277777777777,3
906,C649R,"TELDE, MELENARA",2016-01-01,2024-12-31,27.986666666666668,-15.377777777777778,3
907,C656V,TEROR,2016-01-01,2024-12-31,28.07527777777777,-15.547222222222222,3
908,C658L,LAS PALMAS DE G.C. (TAFIRA CMT),2016-01-01,2024-12-31,28.075,-15.450833333333332,3
909,C658X,"LAS PALMAS DE GRAN CANARIA, TAFIRA",2016-01-01,2024-12-31,28.078055555555554,-15.453333333333331,3
910,C659H,"LAS PALMAS DE GRAN CANARIA, SAN CRISTOBAL",2016-01-01,2024-12-31,28.08972222222222,-15.416111111111112,3
911,C659M,"LAS PALMAS DE GRAN CANARIA, PL. DE LA FERIA",2016-01-01,2024-12-31,28.11305555555556,-15.421388888888888,3
912,C665T,VALLESECO,2016-01-01,2024-12-31,28.065555555555555,-15.565555555555555,3
913,C668V,AGAETE - SUERTE ALTA,2016-01-01,2024-12-31,28.094444444444445,-15.675,3
914,C669B,ARUCAS,2017-01-01,2024-12-31,28.141666666666666,-15.506666666666666,3
915,C689E,MASPALOMAS,2017-01-01,2024-12-31,27.735833333333336,-15.595833333333331,3
916,C839X,LA GRACIOSA,2016-01-01,2024-12-31,29.22972222222222,-13.510277777777778,3
917,C916Q,"EL PINAR, DEPÓSITO",2016-01-01,2024-12-31,27.718888888888888,-17.978055555555553,3
918,C917E,"EL PINAR, LA DEHESA",2016-01-01,2024-12-31,27.725277777777777,-18.115,3
919,C919K,TACORON-LAPILLAS-TORTUGA,2016-01-01,2024-12-31,27.66527777777777,-18.01861111111111,3
920,C925F,"SAN ANDRÉS, VALVERDE",2016-01-01,2024-12-31,27.76888888888889,-17.960277777777776,3
921,C928I,VALVERDE,2020-06-19,2024-12-31,27.81083333333333,-17.919444444444444,3
922,C929I,HIERRO AEROPUERTO,2016-01-01,2024-12-31,27.81888888888889,-17.88888888888889,3
923,C939T,"FRONTERA, SABINOSA",2016-01-01,2024-12-31,27.75638888888889,-18.1075,3
